[
    {
        "model": "auth.permission",
        "pk": 1,
        "fields": {
            "name": "Can add log entry",
            "content_type": 1,
            "codename": "add_logentry"
        }
    },
    {
        "model": "auth.permission",
        "pk": 2,
        "fields": {
            "name": "Can change log entry",
            "content_type": 1,
            "codename": "change_logentry"
        }
    },
    {
        "model": "auth.permission",
        "pk": 3,
        "fields": {
            "name": "Can delete log entry",
            "content_type": 1,
            "codename": "delete_logentry"
        }
    },
    {
        "model": "auth.permission",
        "pk": 4,
        "fields": {
            "name": "Can view log entry",
            "content_type": 1,
            "codename": "view_logentry"
        }
    },
    {
        "model": "auth.permission",
        "pk": 5,
        "fields": {
            "name": "Can add permission",
            "content_type": 2,
            "codename": "add_permission"
        }
    },
    {
        "model": "auth.permission",
        "pk": 6,
        "fields": {
            "name": "Can change permission",
            "content_type": 2,
            "codename": "change_permission"
        }
    },
    {
        "model": "auth.permission",
        "pk": 7,
        "fields": {
            "name": "Can delete permission",
            "content_type": 2,
            "codename": "delete_permission"
        }
    },
    {
        "model": "auth.permission",
        "pk": 8,
        "fields": {
            "name": "Can view permission",
            "content_type": 2,
            "codename": "view_permission"
        }
    },
    {
        "model": "auth.permission",
        "pk": 9,
        "fields": {
            "name": "Can add group",
            "content_type": 3,
            "codename": "add_group"
        }
    },
    {
        "model": "auth.permission",
        "pk": 10,
        "fields": {
            "name": "Can change group",
            "content_type": 3,
            "codename": "change_group"
        }
    },
    {
        "model": "auth.permission",
        "pk": 11,
        "fields": {
            "name": "Can delete group",
            "content_type": 3,
            "codename": "delete_group"
        }
    },
    {
        "model": "auth.permission",
        "pk": 12,
        "fields": {
            "name": "Can view group",
            "content_type": 3,
            "codename": "view_group"
        }
    },
    {
        "model": "auth.permission",
        "pk": 13,
        "fields": {
            "name": "Can add user",
            "content_type": 4,
            "codename": "add_user"
        }
    },
    {
        "model": "auth.permission",
        "pk": 14,
        "fields": {
            "name": "Can change user",
            "content_type": 4,
            "codename": "change_user"
        }
    },
    {
        "model": "auth.permission",
        "pk": 15,
        "fields": {
            "name": "Can delete user",
            "content_type": 4,
            "codename": "delete_user"
        }
    },
    {
        "model": "auth.permission",
        "pk": 16,
        "fields": {
            "name": "Can view user",
            "content_type": 4,
            "codename": "view_user"
        }
    },
    {
        "model": "auth.permission",
        "pk": 17,
        "fields": {
            "name": "Can add content type",
            "content_type": 5,
            "codename": "add_contenttype"
        }
    },
    {
        "model": "auth.permission",
        "pk": 18,
        "fields": {
            "name": "Can change content type",
            "content_type": 5,
            "codename": "change_contenttype"
        }
    },
    {
        "model": "auth.permission",
        "pk": 19,
        "fields": {
            "name": "Can delete content type",
            "content_type": 5,
            "codename": "delete_contenttype"
        }
    },
    {
        "model": "auth.permission",
        "pk": 20,
        "fields": {
            "name": "Can view content type",
            "content_type": 5,
            "codename": "view_contenttype"
        }
    },
    {
        "model": "auth.permission",
        "pk": 21,
        "fields": {
            "name": "Can add session",
            "content_type": 6,
            "codename": "add_session"
        }
    },
    {
        "model": "auth.permission",
        "pk": 22,
        "fields": {
            "name": "Can change session",
            "content_type": 6,
            "codename": "change_session"
        }
    },
    {
        "model": "auth.permission",
        "pk": 23,
        "fields": {
            "name": "Can delete session",
            "content_type": 6,
            "codename": "delete_session"
        }
    },
    {
        "model": "auth.permission",
        "pk": 24,
        "fields": {
            "name": "Can view session",
            "content_type": 6,
            "codename": "view_session"
        }
    },
    {
        "model": "auth.permission",
        "pk": 25,
        "fields": {
            "name": "Can add site",
            "content_type": 7,
            "codename": "add_site"
        }
    },
    {
        "model": "auth.permission",
        "pk": 26,
        "fields": {
            "name": "Can change site",
            "content_type": 7,
            "codename": "change_site"
        }
    },
    {
        "model": "auth.permission",
        "pk": 27,
        "fields": {
            "name": "Can delete site",
            "content_type": 7,
            "codename": "delete_site"
        }
    },
    {
        "model": "auth.permission",
        "pk": 28,
        "fields": {
            "name": "Can view site",
            "content_type": 7,
            "codename": "view_site"
        }
    },
    {
        "model": "auth.permission",
        "pk": 29,
        "fields": {
            "name": "Can add flat page",
            "content_type": 8,
            "codename": "add_flatpage"
        }
    },
    {
        "model": "auth.permission",
        "pk": 30,
        "fields": {
            "name": "Can change flat page",
            "content_type": 8,
            "codename": "change_flatpage"
        }
    },
    {
        "model": "auth.permission",
        "pk": 31,
        "fields": {
            "name": "Can delete flat page",
            "content_type": 8,
            "codename": "delete_flatpage"
        }
    },
    {
        "model": "auth.permission",
        "pk": 32,
        "fields": {
            "name": "Can view flat page",
            "content_type": 8,
            "codename": "view_flatpage"
        }
    },
    {
        "model": "auth.permission",
        "pk": 33,
        "fields": {
            "name": "Can add Product record",
            "content_type": 9,
            "codename": "add_productrecord"
        }
    },
    {
        "model": "auth.permission",
        "pk": 34,
        "fields": {
            "name": "Can change Product record",
            "content_type": 9,
            "codename": "change_productrecord"
        }
    },
    {
        "model": "auth.permission",
        "pk": 35,
        "fields": {
            "name": "Can delete Product record",
            "content_type": 9,
            "codename": "delete_productrecord"
        }
    },
    {
        "model": "auth.permission",
        "pk": 36,
        "fields": {
            "name": "Can view Product record",
            "content_type": 9,
            "codename": "view_productrecord"
        }
    },
    {
        "model": "auth.permission",
        "pk": 37,
        "fields": {
            "name": "Can add User product view",
            "content_type": 10,
            "codename": "add_userproductview"
        }
    },
    {
        "model": "auth.permission",
        "pk": 38,
        "fields": {
            "name": "Can change User product view",
            "content_type": 10,
            "codename": "change_userproductview"
        }
    },
    {
        "model": "auth.permission",
        "pk": 39,
        "fields": {
            "name": "Can delete User product view",
            "content_type": 10,
            "codename": "delete_userproductview"
        }
    },
    {
        "model": "auth.permission",
        "pk": 40,
        "fields": {
            "name": "Can view User product view",
            "content_type": 10,
            "codename": "view_userproductview"
        }
    },
    {
        "model": "auth.permission",
        "pk": 41,
        "fields": {
            "name": "Can add User record",
            "content_type": 11,
            "codename": "add_userrecord"
        }
    },
    {
        "model": "auth.permission",
        "pk": 42,
        "fields": {
            "name": "Can change User record",
            "content_type": 11,
            "codename": "change_userrecord"
        }
    },
    {
        "model": "auth.permission",
        "pk": 43,
        "fields": {
            "name": "Can delete User record",
            "content_type": 11,
            "codename": "delete_userrecord"
        }
    },
    {
        "model": "auth.permission",
        "pk": 44,
        "fields": {
            "name": "Can view User record",
            "content_type": 11,
            "codename": "view_userrecord"
        }
    },
    {
        "model": "auth.permission",
        "pk": 45,
        "fields": {
            "name": "Can add User search query",
            "content_type": 12,
            "codename": "add_usersearch"
        }
    },
    {
        "model": "auth.permission",
        "pk": 46,
        "fields": {
            "name": "Can change User search query",
            "content_type": 12,
            "codename": "change_usersearch"
        }
    },
    {
        "model": "auth.permission",
        "pk": 47,
        "fields": {
            "name": "Can delete User search query",
            "content_type": 12,
            "codename": "delete_usersearch"
        }
    },
    {
        "model": "auth.permission",
        "pk": 48,
        "fields": {
            "name": "Can view User search query",
            "content_type": 12,
            "codename": "view_usersearch"
        }
    },
    {
        "model": "auth.permission",
        "pk": 49,
        "fields": {
            "name": "Can add Country",
            "content_type": 13,
            "codename": "add_country"
        }
    },
    {
        "model": "auth.permission",
        "pk": 50,
        "fields": {
            "name": "Can change Country",
            "content_type": 13,
            "codename": "change_country"
        }
    },
    {
        "model": "auth.permission",
        "pk": 51,
        "fields": {
            "name": "Can delete Country",
            "content_type": 13,
            "codename": "delete_country"
        }
    },
    {
        "model": "auth.permission",
        "pk": 52,
        "fields": {
            "name": "Can view Country",
            "content_type": 13,
            "codename": "view_country"
        }
    },
    {
        "model": "auth.permission",
        "pk": 53,
        "fields": {
            "name": "Can add User address",
            "content_type": 14,
            "codename": "add_useraddress"
        }
    },
    {
        "model": "auth.permission",
        "pk": 54,
        "fields": {
            "name": "Can change User address",
            "content_type": 14,
            "codename": "change_useraddress"
        }
    },
    {
        "model": "auth.permission",
        "pk": 55,
        "fields": {
            "name": "Can delete User address",
            "content_type": 14,
            "codename": "delete_useraddress"
        }
    },
    {
        "model": "auth.permission",
        "pk": 56,
        "fields": {
            "name": "Can view User address",
            "content_type": 14,
            "codename": "view_useraddress"
        }
    },
    {
        "model": "auth.permission",
        "pk": 57,
        "fields": {
            "name": "Can add Order and Item Charge",
            "content_type": 15,
            "codename": "add_orderanditemcharges"
        }
    },
    {
        "model": "auth.permission",
        "pk": 58,
        "fields": {
            "name": "Can change Order and Item Charge",
            "content_type": 15,
            "codename": "change_orderanditemcharges"
        }
    },
    {
        "model": "auth.permission",
        "pk": 59,
        "fields": {
            "name": "Can delete Order and Item Charge",
            "content_type": 15,
            "codename": "delete_orderanditemcharges"
        }
    },
    {
        "model": "auth.permission",
        "pk": 60,
        "fields": {
            "name": "Can view Order and Item Charge",
            "content_type": 15,
            "codename": "view_orderanditemcharges"
        }
    },
    {
        "model": "auth.permission",
        "pk": 61,
        "fields": {
            "name": "Can add Weight Band",
            "content_type": 16,
            "codename": "add_weightband"
        }
    },
    {
        "model": "auth.permission",
        "pk": 62,
        "fields": {
            "name": "Can change Weight Band",
            "content_type": 16,
            "codename": "change_weightband"
        }
    },
    {
        "model": "auth.permission",
        "pk": 63,
        "fields": {
            "name": "Can delete Weight Band",
            "content_type": 16,
            "codename": "delete_weightband"
        }
    },
    {
        "model": "auth.permission",
        "pk": 64,
        "fields": {
            "name": "Can view Weight Band",
            "content_type": 16,
            "codename": "view_weightband"
        }
    },
    {
        "model": "auth.permission",
        "pk": 65,
        "fields": {
            "name": "Can add Weight-based Shipping Method",
            "content_type": 17,
            "codename": "add_weightbased"
        }
    },
    {
        "model": "auth.permission",
        "pk": 66,
        "fields": {
            "name": "Can change Weight-based Shipping Method",
            "content_type": 17,
            "codename": "change_weightbased"
        }
    },
    {
        "model": "auth.permission",
        "pk": 67,
        "fields": {
            "name": "Can delete Weight-based Shipping Method",
            "content_type": 17,
            "codename": "delete_weightbased"
        }
    },
    {
        "model": "auth.permission",
        "pk": 68,
        "fields": {
            "name": "Can view Weight-based Shipping Method",
            "content_type": 17,
            "codename": "view_weightbased"
        }
    },
    {
        "model": "auth.permission",
        "pk": 69,
        "fields": {
            "name": "Can add Attribute option",
            "content_type": 18,
            "codename": "add_attributeoption"
        }
    },
    {
        "model": "auth.permission",
        "pk": 70,
        "fields": {
            "name": "Can change Attribute option",
            "content_type": 18,
            "codename": "change_attributeoption"
        }
    },
    {
        "model": "auth.permission",
        "pk": 71,
        "fields": {
            "name": "Can delete Attribute option",
            "content_type": 18,
            "codename": "delete_attributeoption"
        }
    },
    {
        "model": "auth.permission",
        "pk": 72,
        "fields": {
            "name": "Can view Attribute option",
            "content_type": 18,
            "codename": "view_attributeoption"
        }
    },
    {
        "model": "auth.permission",
        "pk": 73,
        "fields": {
            "name": "Can add Attribute option group",
            "content_type": 19,
            "codename": "add_attributeoptiongroup"
        }
    },
    {
        "model": "auth.permission",
        "pk": 74,
        "fields": {
            "name": "Can change Attribute option group",
            "content_type": 19,
            "codename": "change_attributeoptiongroup"
        }
    },
    {
        "model": "auth.permission",
        "pk": 75,
        "fields": {
            "name": "Can delete Attribute option group",
            "content_type": 19,
            "codename": "delete_attributeoptiongroup"
        }
    },
    {
        "model": "auth.permission",
        "pk": 76,
        "fields": {
            "name": "Can view Attribute option group",
            "content_type": 19,
            "codename": "view_attributeoptiongroup"
        }
    },
    {
        "model": "auth.permission",
        "pk": 77,
        "fields": {
            "name": "Can add Category",
            "content_type": 20,
            "codename": "add_category"
        }
    },
    {
        "model": "auth.permission",
        "pk": 78,
        "fields": {
            "name": "Can change Category",
            "content_type": 20,
            "codename": "change_category"
        }
    },
    {
        "model": "auth.permission",
        "pk": 79,
        "fields": {
            "name": "Can delete Category",
            "content_type": 20,
            "codename": "delete_category"
        }
    },
    {
        "model": "auth.permission",
        "pk": 80,
        "fields": {
            "name": "Can view Category",
            "content_type": 20,
            "codename": "view_category"
        }
    },
    {
        "model": "auth.permission",
        "pk": 81,
        "fields": {
            "name": "Can add Option",
            "content_type": 21,
            "codename": "add_option"
        }
    },
    {
        "model": "auth.permission",
        "pk": 82,
        "fields": {
            "name": "Can change Option",
            "content_type": 21,
            "codename": "change_option"
        }
    },
    {
        "model": "auth.permission",
        "pk": 83,
        "fields": {
            "name": "Can delete Option",
            "content_type": 21,
            "codename": "delete_option"
        }
    },
    {
        "model": "auth.permission",
        "pk": 84,
        "fields": {
            "name": "Can view Option",
            "content_type": 21,
            "codename": "view_option"
        }
    },
    {
        "model": "auth.permission",
        "pk": 85,
        "fields": {
            "name": "Can add Product",
            "content_type": 22,
            "codename": "add_product"
        }
    },
    {
        "model": "auth.permission",
        "pk": 86,
        "fields": {
            "name": "Can change Product",
            "content_type": 22,
            "codename": "change_product"
        }
    },
    {
        "model": "auth.permission",
        "pk": 87,
        "fields": {
            "name": "Can delete Product",
            "content_type": 22,
            "codename": "delete_product"
        }
    },
    {
        "model": "auth.permission",
        "pk": 88,
        "fields": {
            "name": "Can view Product",
            "content_type": 22,
            "codename": "view_product"
        }
    },
    {
        "model": "auth.permission",
        "pk": 89,
        "fields": {
            "name": "Can add Product attribute",
            "content_type": 23,
            "codename": "add_productattribute"
        }
    },
    {
        "model": "auth.permission",
        "pk": 90,
        "fields": {
            "name": "Can change Product attribute",
            "content_type": 23,
            "codename": "change_productattribute"
        }
    },
    {
        "model": "auth.permission",
        "pk": 91,
        "fields": {
            "name": "Can delete Product attribute",
            "content_type": 23,
            "codename": "delete_productattribute"
        }
    },
    {
        "model": "auth.permission",
        "pk": 92,
        "fields": {
            "name": "Can view Product attribute",
            "content_type": 23,
            "codename": "view_productattribute"
        }
    },
    {
        "model": "auth.permission",
        "pk": 93,
        "fields": {
            "name": "Can add Product attribute value",
            "content_type": 24,
            "codename": "add_productattributevalue"
        }
    },
    {
        "model": "auth.permission",
        "pk": 94,
        "fields": {
            "name": "Can change Product attribute value",
            "content_type": 24,
            "codename": "change_productattributevalue"
        }
    },
    {
        "model": "auth.permission",
        "pk": 95,
        "fields": {
            "name": "Can delete Product attribute value",
            "content_type": 24,
            "codename": "delete_productattributevalue"
        }
    },
    {
        "model": "auth.permission",
        "pk": 96,
        "fields": {
            "name": "Can view Product attribute value",
            "content_type": 24,
            "codename": "view_productattributevalue"
        }
    },
    {
        "model": "auth.permission",
        "pk": 97,
        "fields": {
            "name": "Can add Product category",
            "content_type": 25,
            "codename": "add_productcategory"
        }
    },
    {
        "model": "auth.permission",
        "pk": 98,
        "fields": {
            "name": "Can change Product category",
            "content_type": 25,
            "codename": "change_productcategory"
        }
    },
    {
        "model": "auth.permission",
        "pk": 99,
        "fields": {
            "name": "Can delete Product category",
            "content_type": 25,
            "codename": "delete_productcategory"
        }
    },
    {
        "model": "auth.permission",
        "pk": 100,
        "fields": {
            "name": "Can view Product category",
            "content_type": 25,
            "codename": "view_productcategory"
        }
    },
    {
        "model": "auth.permission",
        "pk": 101,
        "fields": {
            "name": "Can add Product class",
            "content_type": 26,
            "codename": "add_productclass"
        }
    },
    {
        "model": "auth.permission",
        "pk": 102,
        "fields": {
            "name": "Can change Product class",
            "content_type": 26,
            "codename": "change_productclass"
        }
    },
    {
        "model": "auth.permission",
        "pk": 103,
        "fields": {
            "name": "Can delete Product class",
            "content_type": 26,
            "codename": "delete_productclass"
        }
    },
    {
        "model": "auth.permission",
        "pk": 104,
        "fields": {
            "name": "Can view Product class",
            "content_type": 26,
            "codename": "view_productclass"
        }
    },
    {
        "model": "auth.permission",
        "pk": 105,
        "fields": {
            "name": "Can add Product image",
            "content_type": 27,
            "codename": "add_productimage"
        }
    },
    {
        "model": "auth.permission",
        "pk": 106,
        "fields": {
            "name": "Can change Product image",
            "content_type": 27,
            "codename": "change_productimage"
        }
    },
    {
        "model": "auth.permission",
        "pk": 107,
        "fields": {
            "name": "Can delete Product image",
            "content_type": 27,
            "codename": "delete_productimage"
        }
    },
    {
        "model": "auth.permission",
        "pk": 108,
        "fields": {
            "name": "Can view Product image",
            "content_type": 27,
            "codename": "view_productimage"
        }
    },
    {
        "model": "auth.permission",
        "pk": 109,
        "fields": {
            "name": "Can add Product recommendation",
            "content_type": 28,
            "codename": "add_productrecommendation"
        }
    },
    {
        "model": "auth.permission",
        "pk": 110,
        "fields": {
            "name": "Can change Product recommendation",
            "content_type": 28,
            "codename": "change_productrecommendation"
        }
    },
    {
        "model": "auth.permission",
        "pk": 111,
        "fields": {
            "name": "Can delete Product recommendation",
            "content_type": 28,
            "codename": "delete_productrecommendation"
        }
    },
    {
        "model": "auth.permission",
        "pk": 112,
        "fields": {
            "name": "Can view Product recommendation",
            "content_type": 28,
            "codename": "view_productrecommendation"
        }
    },
    {
        "model": "auth.permission",
        "pk": 113,
        "fields": {
            "name": "Can add Product review",
            "content_type": 29,
            "codename": "add_productreview"
        }
    },
    {
        "model": "auth.permission",
        "pk": 114,
        "fields": {
            "name": "Can change Product review",
            "content_type": 29,
            "codename": "change_productreview"
        }
    },
    {
        "model": "auth.permission",
        "pk": 115,
        "fields": {
            "name": "Can delete Product review",
            "content_type": 29,
            "codename": "delete_productreview"
        }
    },
    {
        "model": "auth.permission",
        "pk": 116,
        "fields": {
            "name": "Can view Product review",
            "content_type": 29,
            "codename": "view_productreview"
        }
    },
    {
        "model": "auth.permission",
        "pk": 117,
        "fields": {
            "name": "Can add Vote",
            "content_type": 30,
            "codename": "add_vote"
        }
    },
    {
        "model": "auth.permission",
        "pk": 118,
        "fields": {
            "name": "Can change Vote",
            "content_type": 30,
            "codename": "change_vote"
        }
    },
    {
        "model": "auth.permission",
        "pk": 119,
        "fields": {
            "name": "Can delete Vote",
            "content_type": 30,
            "codename": "delete_vote"
        }
    },
    {
        "model": "auth.permission",
        "pk": 120,
        "fields": {
            "name": "Can view Vote",
            "content_type": 30,
            "codename": "view_vote"
        }
    },
    {
        "model": "auth.permission",
        "pk": 121,
        "fields": {
            "name": "Can add Communication event type",
            "content_type": 31,
            "codename": "add_communicationeventtype"
        }
    },
    {
        "model": "auth.permission",
        "pk": 122,
        "fields": {
            "name": "Can change Communication event type",
            "content_type": 31,
            "codename": "change_communicationeventtype"
        }
    },
    {
        "model": "auth.permission",
        "pk": 123,
        "fields": {
            "name": "Can delete Communication event type",
            "content_type": 31,
            "codename": "delete_communicationeventtype"
        }
    },
    {
        "model": "auth.permission",
        "pk": 124,
        "fields": {
            "name": "Can view Communication event type",
            "content_type": 31,
            "codename": "view_communicationeventtype"
        }
    },
    {
        "model": "auth.permission",
        "pk": 125,
        "fields": {
            "name": "Can add Email",
            "content_type": 32,
            "codename": "add_email"
        }
    },
    {
        "model": "auth.permission",
        "pk": 126,
        "fields": {
            "name": "Can change Email",
            "content_type": 32,
            "codename": "change_email"
        }
    },
    {
        "model": "auth.permission",
        "pk": 127,
        "fields": {
            "name": "Can delete Email",
            "content_type": 32,
            "codename": "delete_email"
        }
    },
    {
        "model": "auth.permission",
        "pk": 128,
        "fields": {
            "name": "Can view Email",
            "content_type": 32,
            "codename": "view_email"
        }
    },
    {
        "model": "auth.permission",
        "pk": 129,
        "fields": {
            "name": "Can add Notification",
            "content_type": 33,
            "codename": "add_notification"
        }
    },
    {
        "model": "auth.permission",
        "pk": 130,
        "fields": {
            "name": "Can change Notification",
            "content_type": 33,
            "codename": "change_notification"
        }
    },
    {
        "model": "auth.permission",
        "pk": 131,
        "fields": {
            "name": "Can delete Notification",
            "content_type": 33,
            "codename": "delete_notification"
        }
    },
    {
        "model": "auth.permission",
        "pk": 132,
        "fields": {
            "name": "Can view Notification",
            "content_type": 33,
            "codename": "view_notification"
        }
    },
    {
        "model": "auth.permission",
        "pk": 133,
        "fields": {
            "name": "Can add Fulfillment partner",
            "content_type": 34,
            "codename": "add_partner"
        }
    },
    {
        "model": "auth.permission",
        "pk": 134,
        "fields": {
            "name": "Can change Fulfillment partner",
            "content_type": 34,
            "codename": "change_partner"
        }
    },
    {
        "model": "auth.permission",
        "pk": 135,
        "fields": {
            "name": "Can delete Fulfillment partner",
            "content_type": 34,
            "codename": "delete_partner"
        }
    },
    {
        "model": "auth.permission",
        "pk": 136,
        "fields": {
            "name": "Can view Fulfillment partner",
            "content_type": 34,
            "codename": "view_partner"
        }
    },
    {
        "model": "auth.permission",
        "pk": 137,
        "fields": {
            "name": "Can access dashboard",
            "content_type": 34,
            "codename": "dashboard_access"
        }
    },
    {
        "model": "auth.permission",
        "pk": 138,
        "fields": {
            "name": "Can add Partner address",
            "content_type": 35,
            "codename": "add_partneraddress"
        }
    },
    {
        "model": "auth.permission",
        "pk": 139,
        "fields": {
            "name": "Can change Partner address",
            "content_type": 35,
            "codename": "change_partneraddress"
        }
    },
    {
        "model": "auth.permission",
        "pk": 140,
        "fields": {
            "name": "Can delete Partner address",
            "content_type": 35,
            "codename": "delete_partneraddress"
        }
    },
    {
        "model": "auth.permission",
        "pk": 141,
        "fields": {
            "name": "Can view Partner address",
            "content_type": 35,
            "codename": "view_partneraddress"
        }
    },
    {
        "model": "auth.permission",
        "pk": 142,
        "fields": {
            "name": "Can add Stock alert",
            "content_type": 36,
            "codename": "add_stockalert"
        }
    },
    {
        "model": "auth.permission",
        "pk": 143,
        "fields": {
            "name": "Can change Stock alert",
            "content_type": 36,
            "codename": "change_stockalert"
        }
    },
    {
        "model": "auth.permission",
        "pk": 144,
        "fields": {
            "name": "Can delete Stock alert",
            "content_type": 36,
            "codename": "delete_stockalert"
        }
    },
    {
        "model": "auth.permission",
        "pk": 145,
        "fields": {
            "name": "Can view Stock alert",
            "content_type": 36,
            "codename": "view_stockalert"
        }
    },
    {
        "model": "auth.permission",
        "pk": 146,
        "fields": {
            "name": "Can add Stock record",
            "content_type": 37,
            "codename": "add_stockrecord"
        }
    },
    {
        "model": "auth.permission",
        "pk": 147,
        "fields": {
            "name": "Can change Stock record",
            "content_type": 37,
            "codename": "change_stockrecord"
        }
    },
    {
        "model": "auth.permission",
        "pk": 148,
        "fields": {
            "name": "Can delete Stock record",
            "content_type": 37,
            "codename": "delete_stockrecord"
        }
    },
    {
        "model": "auth.permission",
        "pk": 149,
        "fields": {
            "name": "Can view Stock record",
            "content_type": 37,
            "codename": "view_stockrecord"
        }
    },
    {
        "model": "auth.permission",
        "pk": 150,
        "fields": {
            "name": "Can add Basket",
            "content_type": 38,
            "codename": "add_basket"
        }
    },
    {
        "model": "auth.permission",
        "pk": 151,
        "fields": {
            "name": "Can change Basket",
            "content_type": 38,
            "codename": "change_basket"
        }
    },
    {
        "model": "auth.permission",
        "pk": 152,
        "fields": {
            "name": "Can delete Basket",
            "content_type": 38,
            "codename": "delete_basket"
        }
    },
    {
        "model": "auth.permission",
        "pk": 153,
        "fields": {
            "name": "Can view Basket",
            "content_type": 38,
            "codename": "view_basket"
        }
    },
    {
        "model": "auth.permission",
        "pk": 154,
        "fields": {
            "name": "Can add Basket line",
            "content_type": 39,
            "codename": "add_line"
        }
    },
    {
        "model": "auth.permission",
        "pk": 155,
        "fields": {
            "name": "Can change Basket line",
            "content_type": 39,
            "codename": "change_line"
        }
    },
    {
        "model": "auth.permission",
        "pk": 156,
        "fields": {
            "name": "Can delete Basket line",
            "content_type": 39,
            "codename": "delete_line"
        }
    },
    {
        "model": "auth.permission",
        "pk": 157,
        "fields": {
            "name": "Can view Basket line",
            "content_type": 39,
            "codename": "view_line"
        }
    },
    {
        "model": "auth.permission",
        "pk": 158,
        "fields": {
            "name": "Can add Line attribute",
            "content_type": 40,
            "codename": "add_lineattribute"
        }
    },
    {
        "model": "auth.permission",
        "pk": 159,
        "fields": {
            "name": "Can change Line attribute",
            "content_type": 40,
            "codename": "change_lineattribute"
        }
    },
    {
        "model": "auth.permission",
        "pk": 160,
        "fields": {
            "name": "Can delete Line attribute",
            "content_type": 40,
            "codename": "delete_lineattribute"
        }
    },
    {
        "model": "auth.permission",
        "pk": 161,
        "fields": {
            "name": "Can view Line attribute",
            "content_type": 40,
            "codename": "view_lineattribute"
        }
    },
    {
        "model": "auth.permission",
        "pk": 162,
        "fields": {
            "name": "Can add Bankcard",
            "content_type": 41,
            "codename": "add_bankcard"
        }
    },
    {
        "model": "auth.permission",
        "pk": 163,
        "fields": {
            "name": "Can change Bankcard",
            "content_type": 41,
            "codename": "change_bankcard"
        }
    },
    {
        "model": "auth.permission",
        "pk": 164,
        "fields": {
            "name": "Can delete Bankcard",
            "content_type": 41,
            "codename": "delete_bankcard"
        }
    },
    {
        "model": "auth.permission",
        "pk": 165,
        "fields": {
            "name": "Can view Bankcard",
            "content_type": 41,
            "codename": "view_bankcard"
        }
    },
    {
        "model": "auth.permission",
        "pk": 166,
        "fields": {
            "name": "Can add Source",
            "content_type": 42,
            "codename": "add_source"
        }
    },
    {
        "model": "auth.permission",
        "pk": 167,
        "fields": {
            "name": "Can change Source",
            "content_type": 42,
            "codename": "change_source"
        }
    },
    {
        "model": "auth.permission",
        "pk": 168,
        "fields": {
            "name": "Can delete Source",
            "content_type": 42,
            "codename": "delete_source"
        }
    },
    {
        "model": "auth.permission",
        "pk": 169,
        "fields": {
            "name": "Can view Source",
            "content_type": 42,
            "codename": "view_source"
        }
    },
    {
        "model": "auth.permission",
        "pk": 170,
        "fields": {
            "name": "Can add Source Type",
            "content_type": 43,
            "codename": "add_sourcetype"
        }
    },
    {
        "model": "auth.permission",
        "pk": 171,
        "fields": {
            "name": "Can change Source Type",
            "content_type": 43,
            "codename": "change_sourcetype"
        }
    },
    {
        "model": "auth.permission",
        "pk": 172,
        "fields": {
            "name": "Can delete Source Type",
            "content_type": 43,
            "codename": "delete_sourcetype"
        }
    },
    {
        "model": "auth.permission",
        "pk": 173,
        "fields": {
            "name": "Can view Source Type",
            "content_type": 43,
            "codename": "view_sourcetype"
        }
    },
    {
        "model": "auth.permission",
        "pk": 174,
        "fields": {
            "name": "Can add Transaction",
            "content_type": 44,
            "codename": "add_transaction"
        }
    },
    {
        "model": "auth.permission",
        "pk": 175,
        "fields": {
            "name": "Can change Transaction",
            "content_type": 44,
            "codename": "change_transaction"
        }
    },
    {
        "model": "auth.permission",
        "pk": 176,
        "fields": {
            "name": "Can delete Transaction",
            "content_type": 44,
            "codename": "delete_transaction"
        }
    },
    {
        "model": "auth.permission",
        "pk": 177,
        "fields": {
            "name": "Can view Transaction",
            "content_type": 44,
            "codename": "view_transaction"
        }
    },
    {
        "model": "auth.permission",
        "pk": 178,
        "fields": {
            "name": "Can add Benefit",
            "content_type": 45,
            "codename": "add_benefit"
        }
    },
    {
        "model": "auth.permission",
        "pk": 179,
        "fields": {
            "name": "Can change Benefit",
            "content_type": 45,
            "codename": "change_benefit"
        }
    },
    {
        "model": "auth.permission",
        "pk": 180,
        "fields": {
            "name": "Can delete Benefit",
            "content_type": 45,
            "codename": "delete_benefit"
        }
    },
    {
        "model": "auth.permission",
        "pk": 181,
        "fields": {
            "name": "Can view Benefit",
            "content_type": 45,
            "codename": "view_benefit"
        }
    },
    {
        "model": "auth.permission",
        "pk": 182,
        "fields": {
            "name": "Can add Condition",
            "content_type": 46,
            "codename": "add_condition"
        }
    },
    {
        "model": "auth.permission",
        "pk": 183,
        "fields": {
            "name": "Can change Condition",
            "content_type": 46,
            "codename": "change_condition"
        }
    },
    {
        "model": "auth.permission",
        "pk": 184,
        "fields": {
            "name": "Can delete Condition",
            "content_type": 46,
            "codename": "delete_condition"
        }
    },
    {
        "model": "auth.permission",
        "pk": 185,
        "fields": {
            "name": "Can view Condition",
            "content_type": 46,
            "codename": "view_condition"
        }
    },
    {
        "model": "auth.permission",
        "pk": 186,
        "fields": {
            "name": "Can add Conditional offer",
            "content_type": 47,
            "codename": "add_conditionaloffer"
        }
    },
    {
        "model": "auth.permission",
        "pk": 187,
        "fields": {
            "name": "Can change Conditional offer",
            "content_type": 47,
            "codename": "change_conditionaloffer"
        }
    },
    {
        "model": "auth.permission",
        "pk": 188,
        "fields": {
            "name": "Can delete Conditional offer",
            "content_type": 47,
            "codename": "delete_conditionaloffer"
        }
    },
    {
        "model": "auth.permission",
        "pk": 189,
        "fields": {
            "name": "Can view Conditional offer",
            "content_type": 47,
            "codename": "view_conditionaloffer"
        }
    },
    {
        "model": "auth.permission",
        "pk": 190,
        "fields": {
            "name": "Can add Range",
            "content_type": 48,
            "codename": "add_range"
        }
    },
    {
        "model": "auth.permission",
        "pk": 191,
        "fields": {
            "name": "Can change Range",
            "content_type": 48,
            "codename": "change_range"
        }
    },
    {
        "model": "auth.permission",
        "pk": 192,
        "fields": {
            "name": "Can delete Range",
            "content_type": 48,
            "codename": "delete_range"
        }
    },
    {
        "model": "auth.permission",
        "pk": 193,
        "fields": {
            "name": "Can view Range",
            "content_type": 48,
            "codename": "view_range"
        }
    },
    {
        "model": "auth.permission",
        "pk": 194,
        "fields": {
            "name": "Can add range product",
            "content_type": 49,
            "codename": "add_rangeproduct"
        }
    },
    {
        "model": "auth.permission",
        "pk": 195,
        "fields": {
            "name": "Can change range product",
            "content_type": 49,
            "codename": "change_rangeproduct"
        }
    },
    {
        "model": "auth.permission",
        "pk": 196,
        "fields": {
            "name": "Can delete range product",
            "content_type": 49,
            "codename": "delete_rangeproduct"
        }
    },
    {
        "model": "auth.permission",
        "pk": 197,
        "fields": {
            "name": "Can view range product",
            "content_type": 49,
            "codename": "view_rangeproduct"
        }
    },
    {
        "model": "auth.permission",
        "pk": 198,
        "fields": {
            "name": "Can add Range Product Uploaded File",
            "content_type": 50,
            "codename": "add_rangeproductfileupload"
        }
    },
    {
        "model": "auth.permission",
        "pk": 199,
        "fields": {
            "name": "Can change Range Product Uploaded File",
            "content_type": 50,
            "codename": "change_rangeproductfileupload"
        }
    },
    {
        "model": "auth.permission",
        "pk": 200,
        "fields": {
            "name": "Can delete Range Product Uploaded File",
            "content_type": 50,
            "codename": "delete_rangeproductfileupload"
        }
    },
    {
        "model": "auth.permission",
        "pk": 201,
        "fields": {
            "name": "Can view Range Product Uploaded File",
            "content_type": 50,
            "codename": "view_rangeproductfileupload"
        }
    },
    {
        "model": "auth.permission",
        "pk": 202,
        "fields": {
            "name": "Can add Absolute discount benefit",
            "content_type": 51,
            "codename": "add_absolutediscountbenefit"
        }
    },
    {
        "model": "auth.permission",
        "pk": 203,
        "fields": {
            "name": "Can change Absolute discount benefit",
            "content_type": 51,
            "codename": "change_absolutediscountbenefit"
        }
    },
    {
        "model": "auth.permission",
        "pk": 204,
        "fields": {
            "name": "Can delete Absolute discount benefit",
            "content_type": 51,
            "codename": "delete_absolutediscountbenefit"
        }
    },
    {
        "model": "auth.permission",
        "pk": 205,
        "fields": {
            "name": "Can view Absolute discount benefit",
            "content_type": 51,
            "codename": "view_absolutediscountbenefit"
        }
    },
    {
        "model": "auth.permission",
        "pk": 206,
        "fields": {
            "name": "Can add Count condition",
            "content_type": 52,
            "codename": "add_countcondition"
        }
    },
    {
        "model": "auth.permission",
        "pk": 207,
        "fields": {
            "name": "Can change Count condition",
            "content_type": 52,
            "codename": "change_countcondition"
        }
    },
    {
        "model": "auth.permission",
        "pk": 208,
        "fields": {
            "name": "Can delete Count condition",
            "content_type": 52,
            "codename": "delete_countcondition"
        }
    },
    {
        "model": "auth.permission",
        "pk": 209,
        "fields": {
            "name": "Can view Count condition",
            "content_type": 52,
            "codename": "view_countcondition"
        }
    },
    {
        "model": "auth.permission",
        "pk": 210,
        "fields": {
            "name": "Can add Coverage Condition",
            "content_type": 53,
            "codename": "add_coveragecondition"
        }
    },
    {
        "model": "auth.permission",
        "pk": 211,
        "fields": {
            "name": "Can change Coverage Condition",
            "content_type": 53,
            "codename": "change_coveragecondition"
        }
    },
    {
        "model": "auth.permission",
        "pk": 212,
        "fields": {
            "name": "Can delete Coverage Condition",
            "content_type": 53,
            "codename": "delete_coveragecondition"
        }
    },
    {
        "model": "auth.permission",
        "pk": 213,
        "fields": {
            "name": "Can view Coverage Condition",
            "content_type": 53,
            "codename": "view_coveragecondition"
        }
    },
    {
        "model": "auth.permission",
        "pk": 214,
        "fields": {
            "name": "Can add Fixed price benefit",
            "content_type": 54,
            "codename": "add_fixedpricebenefit"
        }
    },
    {
        "model": "auth.permission",
        "pk": 215,
        "fields": {
            "name": "Can change Fixed price benefit",
            "content_type": 54,
            "codename": "change_fixedpricebenefit"
        }
    },
    {
        "model": "auth.permission",
        "pk": 216,
        "fields": {
            "name": "Can delete Fixed price benefit",
            "content_type": 54,
            "codename": "delete_fixedpricebenefit"
        }
    },
    {
        "model": "auth.permission",
        "pk": 217,
        "fields": {
            "name": "Can view Fixed price benefit",
            "content_type": 54,
            "codename": "view_fixedpricebenefit"
        }
    },
    {
        "model": "auth.permission",
        "pk": 218,
        "fields": {
            "name": "Can add Multibuy discount benefit",
            "content_type": 55,
            "codename": "add_multibuydiscountbenefit"
        }
    },
    {
        "model": "auth.permission",
        "pk": 219,
        "fields": {
            "name": "Can change Multibuy discount benefit",
            "content_type": 55,
            "codename": "change_multibuydiscountbenefit"
        }
    },
    {
        "model": "auth.permission",
        "pk": 220,
        "fields": {
            "name": "Can delete Multibuy discount benefit",
            "content_type": 55,
            "codename": "delete_multibuydiscountbenefit"
        }
    },
    {
        "model": "auth.permission",
        "pk": 221,
        "fields": {
            "name": "Can view Multibuy discount benefit",
            "content_type": 55,
            "codename": "view_multibuydiscountbenefit"
        }
    },
    {
        "model": "auth.permission",
        "pk": 222,
        "fields": {
            "name": "Can add Percentage discount benefit",
            "content_type": 56,
            "codename": "add_percentagediscountbenefit"
        }
    },
    {
        "model": "auth.permission",
        "pk": 223,
        "fields": {
            "name": "Can change Percentage discount benefit",
            "content_type": 56,
            "codename": "change_percentagediscountbenefit"
        }
    },
    {
        "model": "auth.permission",
        "pk": 224,
        "fields": {
            "name": "Can delete Percentage discount benefit",
            "content_type": 56,
            "codename": "delete_percentagediscountbenefit"
        }
    },
    {
        "model": "auth.permission",
        "pk": 225,
        "fields": {
            "name": "Can view Percentage discount benefit",
            "content_type": 56,
            "codename": "view_percentagediscountbenefit"
        }
    },
    {
        "model": "auth.permission",
        "pk": 226,
        "fields": {
            "name": "Can add shipping benefit",
            "content_type": 57,
            "codename": "add_shippingbenefit"
        }
    },
    {
        "model": "auth.permission",
        "pk": 227,
        "fields": {
            "name": "Can change shipping benefit",
            "content_type": 57,
            "codename": "change_shippingbenefit"
        }
    },
    {
        "model": "auth.permission",
        "pk": 228,
        "fields": {
            "name": "Can delete shipping benefit",
            "content_type": 57,
            "codename": "delete_shippingbenefit"
        }
    },
    {
        "model": "auth.permission",
        "pk": 229,
        "fields": {
            "name": "Can view shipping benefit",
            "content_type": 57,
            "codename": "view_shippingbenefit"
        }
    },
    {
        "model": "auth.permission",
        "pk": 230,
        "fields": {
            "name": "Can add Shipping absolute discount benefit",
            "content_type": 58,
            "codename": "add_shippingabsolutediscountbenefit"
        }
    },
    {
        "model": "auth.permission",
        "pk": 231,
        "fields": {
            "name": "Can change Shipping absolute discount benefit",
            "content_type": 58,
            "codename": "change_shippingabsolutediscountbenefit"
        }
    },
    {
        "model": "auth.permission",
        "pk": 232,
        "fields": {
            "name": "Can delete Shipping absolute discount benefit",
            "content_type": 58,
            "codename": "delete_shippingabsolutediscountbenefit"
        }
    },
    {
        "model": "auth.permission",
        "pk": 233,
        "fields": {
            "name": "Can view Shipping absolute discount benefit",
            "content_type": 58,
            "codename": "view_shippingabsolutediscountbenefit"
        }
    },
    {
        "model": "auth.permission",
        "pk": 234,
        "fields": {
            "name": "Can add Fixed price shipping benefit",
            "content_type": 59,
            "codename": "add_shippingfixedpricebenefit"
        }
    },
    {
        "model": "auth.permission",
        "pk": 235,
        "fields": {
            "name": "Can change Fixed price shipping benefit",
            "content_type": 59,
            "codename": "change_shippingfixedpricebenefit"
        }
    },
    {
        "model": "auth.permission",
        "pk": 236,
        "fields": {
            "name": "Can delete Fixed price shipping benefit",
            "content_type": 59,
            "codename": "delete_shippingfixedpricebenefit"
        }
    },
    {
        "model": "auth.permission",
        "pk": 237,
        "fields": {
            "name": "Can view Fixed price shipping benefit",
            "content_type": 59,
            "codename": "view_shippingfixedpricebenefit"
        }
    },
    {
        "model": "auth.permission",
        "pk": 238,
        "fields": {
            "name": "Can add Shipping percentage discount benefit",
            "content_type": 60,
            "codename": "add_shippingpercentagediscountbenefit"
        }
    },
    {
        "model": "auth.permission",
        "pk": 239,
        "fields": {
            "name": "Can change Shipping percentage discount benefit",
            "content_type": 60,
            "codename": "change_shippingpercentagediscountbenefit"
        }
    },
    {
        "model": "auth.permission",
        "pk": 240,
        "fields": {
            "name": "Can delete Shipping percentage discount benefit",
            "content_type": 60,
            "codename": "delete_shippingpercentagediscountbenefit"
        }
    },
    {
        "model": "auth.permission",
        "pk": 241,
        "fields": {
            "name": "Can view Shipping percentage discount benefit",
            "content_type": 60,
            "codename": "view_shippingpercentagediscountbenefit"
        }
    },
    {
        "model": "auth.permission",
        "pk": 242,
        "fields": {
            "name": "Can add Value condition",
            "content_type": 61,
            "codename": "add_valuecondition"
        }
    },
    {
        "model": "auth.permission",
        "pk": 243,
        "fields": {
            "name": "Can change Value condition",
            "content_type": 61,
            "codename": "change_valuecondition"
        }
    },
    {
        "model": "auth.permission",
        "pk": 244,
        "fields": {
            "name": "Can delete Value condition",
            "content_type": 61,
            "codename": "delete_valuecondition"
        }
    },
    {
        "model": "auth.permission",
        "pk": 245,
        "fields": {
            "name": "Can view Value condition",
            "content_type": 61,
            "codename": "view_valuecondition"
        }
    },
    {
        "model": "auth.permission",
        "pk": 246,
        "fields": {
            "name": "Can add Billing address",
            "content_type": 62,
            "codename": "add_billingaddress"
        }
    },
    {
        "model": "auth.permission",
        "pk": 247,
        "fields": {
            "name": "Can change Billing address",
            "content_type": 62,
            "codename": "change_billingaddress"
        }
    },
    {
        "model": "auth.permission",
        "pk": 248,
        "fields": {
            "name": "Can delete Billing address",
            "content_type": 62,
            "codename": "delete_billingaddress"
        }
    },
    {
        "model": "auth.permission",
        "pk": 249,
        "fields": {
            "name": "Can view Billing address",
            "content_type": 62,
            "codename": "view_billingaddress"
        }
    },
    {
        "model": "auth.permission",
        "pk": 250,
        "fields": {
            "name": "Can add Communication Event",
            "content_type": 63,
            "codename": "add_communicationevent"
        }
    },
    {
        "model": "auth.permission",
        "pk": 251,
        "fields": {
            "name": "Can change Communication Event",
            "content_type": 63,
            "codename": "change_communicationevent"
        }
    },
    {
        "model": "auth.permission",
        "pk": 252,
        "fields": {
            "name": "Can delete Communication Event",
            "content_type": 63,
            "codename": "delete_communicationevent"
        }
    },
    {
        "model": "auth.permission",
        "pk": 253,
        "fields": {
            "name": "Can view Communication Event",
            "content_type": 63,
            "codename": "view_communicationevent"
        }
    },
    {
        "model": "auth.permission",
        "pk": 254,
        "fields": {
            "name": "Can add Order Line",
            "content_type": 64,
            "codename": "add_line"
        }
    },
    {
        "model": "auth.permission",
        "pk": 255,
        "fields": {
            "name": "Can change Order Line",
            "content_type": 64,
            "codename": "change_line"
        }
    },
    {
        "model": "auth.permission",
        "pk": 256,
        "fields": {
            "name": "Can delete Order Line",
            "content_type": 64,
            "codename": "delete_line"
        }
    },
    {
        "model": "auth.permission",
        "pk": 257,
        "fields": {
            "name": "Can view Order Line",
            "content_type": 64,
            "codename": "view_line"
        }
    },
    {
        "model": "auth.permission",
        "pk": 258,
        "fields": {
            "name": "Can add Line Attribute",
            "content_type": 65,
            "codename": "add_lineattribute"
        }
    },
    {
        "model": "auth.permission",
        "pk": 259,
        "fields": {
            "name": "Can change Line Attribute",
            "content_type": 65,
            "codename": "change_lineattribute"
        }
    },
    {
        "model": "auth.permission",
        "pk": 260,
        "fields": {
            "name": "Can delete Line Attribute",
            "content_type": 65,
            "codename": "delete_lineattribute"
        }
    },
    {
        "model": "auth.permission",
        "pk": 261,
        "fields": {
            "name": "Can view Line Attribute",
            "content_type": 65,
            "codename": "view_lineattribute"
        }
    },
    {
        "model": "auth.permission",
        "pk": 262,
        "fields": {
            "name": "Can add Line Price",
            "content_type": 66,
            "codename": "add_lineprice"
        }
    },
    {
        "model": "auth.permission",
        "pk": 263,
        "fields": {
            "name": "Can change Line Price",
            "content_type": 66,
            "codename": "change_lineprice"
        }
    },
    {
        "model": "auth.permission",
        "pk": 264,
        "fields": {
            "name": "Can delete Line Price",
            "content_type": 66,
            "codename": "delete_lineprice"
        }
    },
    {
        "model": "auth.permission",
        "pk": 265,
        "fields": {
            "name": "Can view Line Price",
            "content_type": 66,
            "codename": "view_lineprice"
        }
    },
    {
        "model": "auth.permission",
        "pk": 266,
        "fields": {
            "name": "Can add Order",
            "content_type": 67,
            "codename": "add_order"
        }
    },
    {
        "model": "auth.permission",
        "pk": 267,
        "fields": {
            "name": "Can change Order",
            "content_type": 67,
            "codename": "change_order"
        }
    },
    {
        "model": "auth.permission",
        "pk": 268,
        "fields": {
            "name": "Can delete Order",
            "content_type": 67,
            "codename": "delete_order"
        }
    },
    {
        "model": "auth.permission",
        "pk": 269,
        "fields": {
            "name": "Can view Order",
            "content_type": 67,
            "codename": "view_order"
        }
    },
    {
        "model": "auth.permission",
        "pk": 270,
        "fields": {
            "name": "Can add Order Discount",
            "content_type": 68,
            "codename": "add_orderdiscount"
        }
    },
    {
        "model": "auth.permission",
        "pk": 271,
        "fields": {
            "name": "Can change Order Discount",
            "content_type": 68,
            "codename": "change_orderdiscount"
        }
    },
    {
        "model": "auth.permission",
        "pk": 272,
        "fields": {
            "name": "Can delete Order Discount",
            "content_type": 68,
            "codename": "delete_orderdiscount"
        }
    },
    {
        "model": "auth.permission",
        "pk": 273,
        "fields": {
            "name": "Can view Order Discount",
            "content_type": 68,
            "codename": "view_orderdiscount"
        }
    },
    {
        "model": "auth.permission",
        "pk": 274,
        "fields": {
            "name": "Can add Order Note",
            "content_type": 69,
            "codename": "add_ordernote"
        }
    },
    {
        "model": "auth.permission",
        "pk": 275,
        "fields": {
            "name": "Can change Order Note",
            "content_type": 69,
            "codename": "change_ordernote"
        }
    },
    {
        "model": "auth.permission",
        "pk": 276,
        "fields": {
            "name": "Can delete Order Note",
            "content_type": 69,
            "codename": "delete_ordernote"
        }
    },
    {
        "model": "auth.permission",
        "pk": 277,
        "fields": {
            "name": "Can view Order Note",
            "content_type": 69,
            "codename": "view_ordernote"
        }
    },
    {
        "model": "auth.permission",
        "pk": 278,
        "fields": {
            "name": "Can add Payment Event",
            "content_type": 70,
            "codename": "add_paymentevent"
        }
    },
    {
        "model": "auth.permission",
        "pk": 279,
        "fields": {
            "name": "Can change Payment Event",
            "content_type": 70,
            "codename": "change_paymentevent"
        }
    },
    {
        "model": "auth.permission",
        "pk": 280,
        "fields": {
            "name": "Can delete Payment Event",
            "content_type": 70,
            "codename": "delete_paymentevent"
        }
    },
    {
        "model": "auth.permission",
        "pk": 281,
        "fields": {
            "name": "Can view Payment Event",
            "content_type": 70,
            "codename": "view_paymentevent"
        }
    },
    {
        "model": "auth.permission",
        "pk": 282,
        "fields": {
            "name": "Can add Payment Event Quantity",
            "content_type": 71,
            "codename": "add_paymenteventquantity"
        }
    },
    {
        "model": "auth.permission",
        "pk": 283,
        "fields": {
            "name": "Can change Payment Event Quantity",
            "content_type": 71,
            "codename": "change_paymenteventquantity"
        }
    },
    {
        "model": "auth.permission",
        "pk": 284,
        "fields": {
            "name": "Can delete Payment Event Quantity",
            "content_type": 71,
            "codename": "delete_paymenteventquantity"
        }
    },
    {
        "model": "auth.permission",
        "pk": 285,
        "fields": {
            "name": "Can view Payment Event Quantity",
            "content_type": 71,
            "codename": "view_paymenteventquantity"
        }
    },
    {
        "model": "auth.permission",
        "pk": 286,
        "fields": {
            "name": "Can add Payment Event Type",
            "content_type": 72,
            "codename": "add_paymenteventtype"
        }
    },
    {
        "model": "auth.permission",
        "pk": 287,
        "fields": {
            "name": "Can change Payment Event Type",
            "content_type": 72,
            "codename": "change_paymenteventtype"
        }
    },
    {
        "model": "auth.permission",
        "pk": 288,
        "fields": {
            "name": "Can delete Payment Event Type",
            "content_type": 72,
            "codename": "delete_paymenteventtype"
        }
    },
    {
        "model": "auth.permission",
        "pk": 289,
        "fields": {
            "name": "Can view Payment Event Type",
            "content_type": 72,
            "codename": "view_paymenteventtype"
        }
    },
    {
        "model": "auth.permission",
        "pk": 290,
        "fields": {
            "name": "Can add Shipping address",
            "content_type": 73,
            "codename": "add_shippingaddress"
        }
    },
    {
        "model": "auth.permission",
        "pk": 291,
        "fields": {
            "name": "Can change Shipping address",
            "content_type": 73,
            "codename": "change_shippingaddress"
        }
    },
    {
        "model": "auth.permission",
        "pk": 292,
        "fields": {
            "name": "Can delete Shipping address",
            "content_type": 73,
            "codename": "delete_shippingaddress"
        }
    },
    {
        "model": "auth.permission",
        "pk": 293,
        "fields": {
            "name": "Can view Shipping address",
            "content_type": 73,
            "codename": "view_shippingaddress"
        }
    },
    {
        "model": "auth.permission",
        "pk": 294,
        "fields": {
            "name": "Can add Shipping Event",
            "content_type": 74,
            "codename": "add_shippingevent"
        }
    },
    {
        "model": "auth.permission",
        "pk": 295,
        "fields": {
            "name": "Can change Shipping Event",
            "content_type": 74,
            "codename": "change_shippingevent"
        }
    },
    {
        "model": "auth.permission",
        "pk": 296,
        "fields": {
            "name": "Can delete Shipping Event",
            "content_type": 74,
            "codename": "delete_shippingevent"
        }
    },
    {
        "model": "auth.permission",
        "pk": 297,
        "fields": {
            "name": "Can view Shipping Event",
            "content_type": 74,
            "codename": "view_shippingevent"
        }
    },
    {
        "model": "auth.permission",
        "pk": 298,
        "fields": {
            "name": "Can add Shipping Event Quantity",
            "content_type": 75,
            "codename": "add_shippingeventquantity"
        }
    },
    {
        "model": "auth.permission",
        "pk": 299,
        "fields": {
            "name": "Can change Shipping Event Quantity",
            "content_type": 75,
            "codename": "change_shippingeventquantity"
        }
    },
    {
        "model": "auth.permission",
        "pk": 300,
        "fields": {
            "name": "Can delete Shipping Event Quantity",
            "content_type": 75,
            "codename": "delete_shippingeventquantity"
        }
    },
    {
        "model": "auth.permission",
        "pk": 301,
        "fields": {
            "name": "Can view Shipping Event Quantity",
            "content_type": 75,
            "codename": "view_shippingeventquantity"
        }
    },
    {
        "model": "auth.permission",
        "pk": 302,
        "fields": {
            "name": "Can add Shipping Event Type",
            "content_type": 76,
            "codename": "add_shippingeventtype"
        }
    },
    {
        "model": "auth.permission",
        "pk": 303,
        "fields": {
            "name": "Can change Shipping Event Type",
            "content_type": 76,
            "codename": "change_shippingeventtype"
        }
    },
    {
        "model": "auth.permission",
        "pk": 304,
        "fields": {
            "name": "Can delete Shipping Event Type",
            "content_type": 76,
            "codename": "delete_shippingeventtype"
        }
    },
    {
        "model": "auth.permission",
        "pk": 305,
        "fields": {
            "name": "Can view Shipping Event Type",
            "content_type": 76,
            "codename": "view_shippingeventtype"
        }
    },
    {
        "model": "auth.permission",
        "pk": 306,
        "fields": {
            "name": "Can add Order Status Change",
            "content_type": 77,
            "codename": "add_orderstatuschange"
        }
    },
    {
        "model": "auth.permission",
        "pk": 307,
        "fields": {
            "name": "Can change Order Status Change",
            "content_type": 77,
            "codename": "change_orderstatuschange"
        }
    },
    {
        "model": "auth.permission",
        "pk": 308,
        "fields": {
            "name": "Can delete Order Status Change",
            "content_type": 77,
            "codename": "delete_orderstatuschange"
        }
    },
    {
        "model": "auth.permission",
        "pk": 309,
        "fields": {
            "name": "Can view Order Status Change",
            "content_type": 77,
            "codename": "view_orderstatuschange"
        }
    },
    {
        "model": "auth.permission",
        "pk": 310,
        "fields": {
            "name": "Can add surcharge",
            "content_type": 78,
            "codename": "add_surcharge"
        }
    },
    {
        "model": "auth.permission",
        "pk": 311,
        "fields": {
            "name": "Can change surcharge",
            "content_type": 78,
            "codename": "change_surcharge"
        }
    },
    {
        "model": "auth.permission",
        "pk": 312,
        "fields": {
            "name": "Can delete surcharge",
            "content_type": 78,
            "codename": "delete_surcharge"
        }
    },
    {
        "model": "auth.permission",
        "pk": 313,
        "fields": {
            "name": "Can view surcharge",
            "content_type": 78,
            "codename": "view_surcharge"
        }
    },
    {
        "model": "auth.permission",
        "pk": 314,
        "fields": {
            "name": "Can add Product alert",
            "content_type": 79,
            "codename": "add_productalert"
        }
    },
    {
        "model": "auth.permission",
        "pk": 315,
        "fields": {
            "name": "Can change Product alert",
            "content_type": 79,
            "codename": "change_productalert"
        }
    },
    {
        "model": "auth.permission",
        "pk": 316,
        "fields": {
            "name": "Can delete Product alert",
            "content_type": 79,
            "codename": "delete_productalert"
        }
    },
    {
        "model": "auth.permission",
        "pk": 317,
        "fields": {
            "name": "Can view Product alert",
            "content_type": 79,
            "codename": "view_productalert"
        }
    },
    {
        "model": "auth.permission",
        "pk": 318,
        "fields": {
            "name": "Can add Voucher",
            "content_type": 80,
            "codename": "add_voucher"
        }
    },
    {
        "model": "auth.permission",
        "pk": 319,
        "fields": {
            "name": "Can change Voucher",
            "content_type": 80,
            "codename": "change_voucher"
        }
    },
    {
        "model": "auth.permission",
        "pk": 320,
        "fields": {
            "name": "Can delete Voucher",
            "content_type": 80,
            "codename": "delete_voucher"
        }
    },
    {
        "model": "auth.permission",
        "pk": 321,
        "fields": {
            "name": "Can view Voucher",
            "content_type": 80,
            "codename": "view_voucher"
        }
    },
    {
        "model": "auth.permission",
        "pk": 322,
        "fields": {
            "name": "Can add Voucher Application",
            "content_type": 81,
            "codename": "add_voucherapplication"
        }
    },
    {
        "model": "auth.permission",
        "pk": 323,
        "fields": {
            "name": "Can change Voucher Application",
            "content_type": 81,
            "codename": "change_voucherapplication"
        }
    },
    {
        "model": "auth.permission",
        "pk": 324,
        "fields": {
            "name": "Can delete Voucher Application",
            "content_type": 81,
            "codename": "delete_voucherapplication"
        }
    },
    {
        "model": "auth.permission",
        "pk": 325,
        "fields": {
            "name": "Can view Voucher Application",
            "content_type": 81,
            "codename": "view_voucherapplication"
        }
    },
    {
        "model": "auth.permission",
        "pk": 326,
        "fields": {
            "name": "Can add VoucherSet",
            "content_type": 82,
            "codename": "add_voucherset"
        }
    },
    {
        "model": "auth.permission",
        "pk": 327,
        "fields": {
            "name": "Can change VoucherSet",
            "content_type": 82,
            "codename": "change_voucherset"
        }
    },
    {
        "model": "auth.permission",
        "pk": 328,
        "fields": {
            "name": "Can delete VoucherSet",
            "content_type": 82,
            "codename": "delete_voucherset"
        }
    },
    {
        "model": "auth.permission",
        "pk": 329,
        "fields": {
            "name": "Can view VoucherSet",
            "content_type": 82,
            "codename": "view_voucherset"
        }
    },
    {
        "model": "auth.permission",
        "pk": 330,
        "fields": {
            "name": "Can add Wish list line",
            "content_type": 83,
            "codename": "add_line"
        }
    },
    {
        "model": "auth.permission",
        "pk": 331,
        "fields": {
            "name": "Can change Wish list line",
            "content_type": 83,
            "codename": "change_line"
        }
    },
    {
        "model": "auth.permission",
        "pk": 332,
        "fields": {
            "name": "Can delete Wish list line",
            "content_type": 83,
            "codename": "delete_line"
        }
    },
    {
        "model": "auth.permission",
        "pk": 333,
        "fields": {
            "name": "Can view Wish list line",
            "content_type": 83,
            "codename": "view_line"
        }
    },
    {
        "model": "auth.permission",
        "pk": 334,
        "fields": {
            "name": "Can add Wish List",
            "content_type": 84,
            "codename": "add_wishlist"
        }
    },
    {
        "model": "auth.permission",
        "pk": 335,
        "fields": {
            "name": "Can change Wish List",
            "content_type": 84,
            "codename": "change_wishlist"
        }
    },
    {
        "model": "auth.permission",
        "pk": 336,
        "fields": {
            "name": "Can delete Wish List",
            "content_type": 84,
            "codename": "delete_wishlist"
        }
    },
    {
        "model": "auth.permission",
        "pk": 337,
        "fields": {
            "name": "Can view Wish List",
            "content_type": 84,
            "codename": "view_wishlist"
        }
    },
    {
        "model": "auth.permission",
        "pk": 338,
        "fields": {
            "name": "Can add kv store",
            "content_type": 85,
            "codename": "add_kvstore"
        }
    },
    {
        "model": "auth.permission",
        "pk": 339,
        "fields": {
            "name": "Can change kv store",
            "content_type": 85,
            "codename": "change_kvstore"
        }
    },
    {
        "model": "auth.permission",
        "pk": 340,
        "fields": {
            "name": "Can delete kv store",
            "content_type": 85,
            "codename": "delete_kvstore"
        }
    },
    {
        "model": "auth.permission",
        "pk": 341,
        "fields": {
            "name": "Can view kv store",
            "content_type": 85,
            "codename": "view_kvstore"
        }
    },
    {
        "model": "auth.user",
        "pk": 1,
        "fields": {
            "password": "pbkdf2_sha256$260000$TEIYFru33pB09BJQbvlcDB$CeeES9KVMTMAqCHnTBQ8/qJ4owQBKlNNJH4dJK0Jv/w=",
            "last_login": "2022-04-17T20:06:25.921Z",
            "is_superuser": true,
            "username": "mykejnr",
            "first_name": "",
            "last_name": "",
            "email": "mykejnr4@gmail.com",
            "is_staff": true,
            "is_active": true,
            "date_joined": "2022-04-15T07:53:50.521Z",
            "groups": [],
            "user_permissions": []
        }
    },
    {
        "model": "auth.user",
        "pk": 2,
        "fields": {
            "password": "pbkdf2_sha256$260000$0BPugyPgjYX7WKrFz4bnb6$NJvU9pisHxg+iwkRkS6iIF9Uqxlcmi1p/2kgX/1sxgs=",
            "last_login": "2022-04-15T08:46:38.450Z",
            "is_superuser": false,
            "username": "TpduFSftLCDLc_Manpz7wvx9kEX5vB",
            "first_name": "Michael",
            "last_name": "Mensah",
            "email": "mykejnrdev@gmail.com",
            "is_staff": false,
            "is_active": true,
            "date_joined": "2022-04-15T08:46:38.054Z",
            "groups": [],
            "user_permissions": []
        }
    },
    {
        "model": "contenttypes.contenttype",
        "pk": 1,
        "fields": {
            "app_label": "admin",
            "model": "logentry"
        }
    },
    {
        "model": "contenttypes.contenttype",
        "pk": 2,
        "fields": {
            "app_label": "auth",
            "model": "permission"
        }
    },
    {
        "model": "contenttypes.contenttype",
        "pk": 3,
        "fields": {
            "app_label": "auth",
            "model": "group"
        }
    },
    {
        "model": "contenttypes.contenttype",
        "pk": 4,
        "fields": {
            "app_label": "auth",
            "model": "user"
        }
    },
    {
        "model": "contenttypes.contenttype",
        "pk": 5,
        "fields": {
            "app_label": "contenttypes",
            "model": "contenttype"
        }
    },
    {
        "model": "contenttypes.contenttype",
        "pk": 6,
        "fields": {
            "app_label": "sessions",
            "model": "session"
        }
    },
    {
        "model": "contenttypes.contenttype",
        "pk": 7,
        "fields": {
            "app_label": "sites",
            "model": "site"
        }
    },
    {
        "model": "contenttypes.contenttype",
        "pk": 8,
        "fields": {
            "app_label": "flatpages",
            "model": "flatpage"
        }
    },
    {
        "model": "contenttypes.contenttype",
        "pk": 9,
        "fields": {
            "app_label": "analytics",
            "model": "productrecord"
        }
    },
    {
        "model": "contenttypes.contenttype",
        "pk": 10,
        "fields": {
            "app_label": "analytics",
            "model": "userproductview"
        }
    },
    {
        "model": "contenttypes.contenttype",
        "pk": 11,
        "fields": {
            "app_label": "analytics",
            "model": "userrecord"
        }
    },
    {
        "model": "contenttypes.contenttype",
        "pk": 12,
        "fields": {
            "app_label": "analytics",
            "model": "usersearch"
        }
    },
    {
        "model": "contenttypes.contenttype",
        "pk": 13,
        "fields": {
            "app_label": "address",
            "model": "country"
        }
    },
    {
        "model": "contenttypes.contenttype",
        "pk": 14,
        "fields": {
            "app_label": "address",
            "model": "useraddress"
        }
    },
    {
        "model": "contenttypes.contenttype",
        "pk": 15,
        "fields": {
            "app_label": "shipping",
            "model": "orderanditemcharges"
        }
    },
    {
        "model": "contenttypes.contenttype",
        "pk": 16,
        "fields": {
            "app_label": "shipping",
            "model": "weightband"
        }
    },
    {
        "model": "contenttypes.contenttype",
        "pk": 17,
        "fields": {
            "app_label": "shipping",
            "model": "weightbased"
        }
    },
    {
        "model": "contenttypes.contenttype",
        "pk": 18,
        "fields": {
            "app_label": "catalogue",
            "model": "attributeoption"
        }
    },
    {
        "model": "contenttypes.contenttype",
        "pk": 19,
        "fields": {
            "app_label": "catalogue",
            "model": "attributeoptiongroup"
        }
    },
    {
        "model": "contenttypes.contenttype",
        "pk": 20,
        "fields": {
            "app_label": "catalogue",
            "model": "category"
        }
    },
    {
        "model": "contenttypes.contenttype",
        "pk": 21,
        "fields": {
            "app_label": "catalogue",
            "model": "option"
        }
    },
    {
        "model": "contenttypes.contenttype",
        "pk": 22,
        "fields": {
            "app_label": "catalogue",
            "model": "product"
        }
    },
    {
        "model": "contenttypes.contenttype",
        "pk": 23,
        "fields": {
            "app_label": "catalogue",
            "model": "productattribute"
        }
    },
    {
        "model": "contenttypes.contenttype",
        "pk": 24,
        "fields": {
            "app_label": "catalogue",
            "model": "productattributevalue"
        }
    },
    {
        "model": "contenttypes.contenttype",
        "pk": 25,
        "fields": {
            "app_label": "catalogue",
            "model": "productcategory"
        }
    },
    {
        "model": "contenttypes.contenttype",
        "pk": 26,
        "fields": {
            "app_label": "catalogue",
            "model": "productclass"
        }
    },
    {
        "model": "contenttypes.contenttype",
        "pk": 27,
        "fields": {
            "app_label": "catalogue",
            "model": "productimage"
        }
    },
    {
        "model": "contenttypes.contenttype",
        "pk": 28,
        "fields": {
            "app_label": "catalogue",
            "model": "productrecommendation"
        }
    },
    {
        "model": "contenttypes.contenttype",
        "pk": 29,
        "fields": {
            "app_label": "reviews",
            "model": "productreview"
        }
    },
    {
        "model": "contenttypes.contenttype",
        "pk": 30,
        "fields": {
            "app_label": "reviews",
            "model": "vote"
        }
    },
    {
        "model": "contenttypes.contenttype",
        "pk": 31,
        "fields": {
            "app_label": "communication",
            "model": "communicationeventtype"
        }
    },
    {
        "model": "contenttypes.contenttype",
        "pk": 32,
        "fields": {
            "app_label": "communication",
            "model": "email"
        }
    },
    {
        "model": "contenttypes.contenttype",
        "pk": 33,
        "fields": {
            "app_label": "communication",
            "model": "notification"
        }
    },
    {
        "model": "contenttypes.contenttype",
        "pk": 34,
        "fields": {
            "app_label": "partner",
            "model": "partner"
        }
    },
    {
        "model": "contenttypes.contenttype",
        "pk": 35,
        "fields": {
            "app_label": "partner",
            "model": "partneraddress"
        }
    },
    {
        "model": "contenttypes.contenttype",
        "pk": 36,
        "fields": {
            "app_label": "partner",
            "model": "stockalert"
        }
    },
    {
        "model": "contenttypes.contenttype",
        "pk": 37,
        "fields": {
            "app_label": "partner",
            "model": "stockrecord"
        }
    },
    {
        "model": "contenttypes.contenttype",
        "pk": 38,
        "fields": {
            "app_label": "basket",
            "model": "basket"
        }
    },
    {
        "model": "contenttypes.contenttype",
        "pk": 39,
        "fields": {
            "app_label": "basket",
            "model": "line"
        }
    },
    {
        "model": "contenttypes.contenttype",
        "pk": 40,
        "fields": {
            "app_label": "basket",
            "model": "lineattribute"
        }
    },
    {
        "model": "contenttypes.contenttype",
        "pk": 41,
        "fields": {
            "app_label": "payment",
            "model": "bankcard"
        }
    },
    {
        "model": "contenttypes.contenttype",
        "pk": 42,
        "fields": {
            "app_label": "payment",
            "model": "source"
        }
    },
    {
        "model": "contenttypes.contenttype",
        "pk": 43,
        "fields": {
            "app_label": "payment",
            "model": "sourcetype"
        }
    },
    {
        "model": "contenttypes.contenttype",
        "pk": 44,
        "fields": {
            "app_label": "payment",
            "model": "transaction"
        }
    },
    {
        "model": "contenttypes.contenttype",
        "pk": 45,
        "fields": {
            "app_label": "offer",
            "model": "benefit"
        }
    },
    {
        "model": "contenttypes.contenttype",
        "pk": 46,
        "fields": {
            "app_label": "offer",
            "model": "condition"
        }
    },
    {
        "model": "contenttypes.contenttype",
        "pk": 47,
        "fields": {
            "app_label": "offer",
            "model": "conditionaloffer"
        }
    },
    {
        "model": "contenttypes.contenttype",
        "pk": 48,
        "fields": {
            "app_label": "offer",
            "model": "range"
        }
    },
    {
        "model": "contenttypes.contenttype",
        "pk": 49,
        "fields": {
            "app_label": "offer",
            "model": "rangeproduct"
        }
    },
    {
        "model": "contenttypes.contenttype",
        "pk": 50,
        "fields": {
            "app_label": "offer",
            "model": "rangeproductfileupload"
        }
    },
    {
        "model": "contenttypes.contenttype",
        "pk": 51,
        "fields": {
            "app_label": "offer",
            "model": "absolutediscountbenefit"
        }
    },
    {
        "model": "contenttypes.contenttype",
        "pk": 52,
        "fields": {
            "app_label": "offer",
            "model": "countcondition"
        }
    },
    {
        "model": "contenttypes.contenttype",
        "pk": 53,
        "fields": {
            "app_label": "offer",
            "model": "coveragecondition"
        }
    },
    {
        "model": "contenttypes.contenttype",
        "pk": 54,
        "fields": {
            "app_label": "offer",
            "model": "fixedpricebenefit"
        }
    },
    {
        "model": "contenttypes.contenttype",
        "pk": 55,
        "fields": {
            "app_label": "offer",
            "model": "multibuydiscountbenefit"
        }
    },
    {
        "model": "contenttypes.contenttype",
        "pk": 56,
        "fields": {
            "app_label": "offer",
            "model": "percentagediscountbenefit"
        }
    },
    {
        "model": "contenttypes.contenttype",
        "pk": 57,
        "fields": {
            "app_label": "offer",
            "model": "shippingbenefit"
        }
    },
    {
        "model": "contenttypes.contenttype",
        "pk": 58,
        "fields": {
            "app_label": "offer",
            "model": "shippingabsolutediscountbenefit"
        }
    },
    {
        "model": "contenttypes.contenttype",
        "pk": 59,
        "fields": {
            "app_label": "offer",
            "model": "shippingfixedpricebenefit"
        }
    },
    {
        "model": "contenttypes.contenttype",
        "pk": 60,
        "fields": {
            "app_label": "offer",
            "model": "shippingpercentagediscountbenefit"
        }
    },
    {
        "model": "contenttypes.contenttype",
        "pk": 61,
        "fields": {
            "app_label": "offer",
            "model": "valuecondition"
        }
    },
    {
        "model": "contenttypes.contenttype",
        "pk": 62,
        "fields": {
            "app_label": "order",
            "model": "billingaddress"
        }
    },
    {
        "model": "contenttypes.contenttype",
        "pk": 63,
        "fields": {
            "app_label": "order",
            "model": "communicationevent"
        }
    },
    {
        "model": "contenttypes.contenttype",
        "pk": 64,
        "fields": {
            "app_label": "order",
            "model": "line"
        }
    },
    {
        "model": "contenttypes.contenttype",
        "pk": 65,
        "fields": {
            "app_label": "order",
            "model": "lineattribute"
        }
    },
    {
        "model": "contenttypes.contenttype",
        "pk": 66,
        "fields": {
            "app_label": "order",
            "model": "lineprice"
        }
    },
    {
        "model": "contenttypes.contenttype",
        "pk": 67,
        "fields": {
            "app_label": "order",
            "model": "order"
        }
    },
    {
        "model": "contenttypes.contenttype",
        "pk": 68,
        "fields": {
            "app_label": "order",
            "model": "orderdiscount"
        }
    },
    {
        "model": "contenttypes.contenttype",
        "pk": 69,
        "fields": {
            "app_label": "order",
            "model": "ordernote"
        }
    },
    {
        "model": "contenttypes.contenttype",
        "pk": 70,
        "fields": {
            "app_label": "order",
            "model": "paymentevent"
        }
    },
    {
        "model": "contenttypes.contenttype",
        "pk": 71,
        "fields": {
            "app_label": "order",
            "model": "paymenteventquantity"
        }
    },
    {
        "model": "contenttypes.contenttype",
        "pk": 72,
        "fields": {
            "app_label": "order",
            "model": "paymenteventtype"
        }
    },
    {
        "model": "contenttypes.contenttype",
        "pk": 73,
        "fields": {
            "app_label": "order",
            "model": "shippingaddress"
        }
    },
    {
        "model": "contenttypes.contenttype",
        "pk": 74,
        "fields": {
            "app_label": "order",
            "model": "shippingevent"
        }
    },
    {
        "model": "contenttypes.contenttype",
        "pk": 75,
        "fields": {
            "app_label": "order",
            "model": "shippingeventquantity"
        }
    },
    {
        "model": "contenttypes.contenttype",
        "pk": 76,
        "fields": {
            "app_label": "order",
            "model": "shippingeventtype"
        }
    },
    {
        "model": "contenttypes.contenttype",
        "pk": 77,
        "fields": {
            "app_label": "order",
            "model": "orderstatuschange"
        }
    },
    {
        "model": "contenttypes.contenttype",
        "pk": 78,
        "fields": {
            "app_label": "order",
            "model": "surcharge"
        }
    },
    {
        "model": "contenttypes.contenttype",
        "pk": 79,
        "fields": {
            "app_label": "customer",
            "model": "productalert"
        }
    },
    {
        "model": "contenttypes.contenttype",
        "pk": 80,
        "fields": {
            "app_label": "voucher",
            "model": "voucher"
        }
    },
    {
        "model": "contenttypes.contenttype",
        "pk": 81,
        "fields": {
            "app_label": "voucher",
            "model": "voucherapplication"
        }
    },
    {
        "model": "contenttypes.contenttype",
        "pk": 82,
        "fields": {
            "app_label": "voucher",
            "model": "voucherset"
        }
    },
    {
        "model": "contenttypes.contenttype",
        "pk": 83,
        "fields": {
            "app_label": "wishlists",
            "model": "line"
        }
    },
    {
        "model": "contenttypes.contenttype",
        "pk": 84,
        "fields": {
            "app_label": "wishlists",
            "model": "wishlist"
        }
    },
    {
        "model": "contenttypes.contenttype",
        "pk": 85,
        "fields": {
            "app_label": "thumbnail",
            "model": "kvstore"
        }
    },
    {
        "model": "sessions.session",
        "pk": "mgu7jmagbdpob3eg6234zgyr6ekrn9nm",
        "fields": {
            "session_data": ".eJxVjDEOwjAMRe-SGUVxFdOGkZ0zRE5skwJKpaadKu4OlTrA-t97fzOR1qXEtckcRzYXA-b0uyXKT6k74AfV-2TzVJd5THZX7EGbvU0sr-vh_h0UauVbO68sgqKESB6gV-YuZILgMVBQdalHGABBkDUoDo46FI-ZSM9I5v0BAU84mA:1ngBA9:VCS5oVZWCJLI93GU8PS-SzzM-A61EqJ-IaVlNnNwh5c",
            "expire_date": "2022-05-01T20:06:25.929Z"
        }
    },
    {
        "model": "sessions.session",
        "pk": "r62ngh6gjulxgyu6yfwblxd1q5bevhcv",
        "fields": {
            "session_data": ".eJxVkU1PwzAMhv9K1StjWroGVm4gIbhwgnvkJg6JliZVnAoQ2n_H2cZXL7WfvH7tOJ-tgqU4tRBm5U1704p29ZeNoPcY60EiDXkN80xrvVBJE3JWdWcJre8n8OHuXPDPxQE5ttj01iBKtCAl9EJcW2O6QYMYejnAYO1mvJZiJ6RAaexg5W4DncReagB7JYFNtUO9T0tRBgq0N58tOT_PPr7WOOKbAmMyEinrMRiqtF4rLiGs2uJLQJ7jKbOT9ZmKijAdidcOMDAO8IdiJHAV-oiCwV1OBHGfU3PZ3Dqw9f8CMTXPPNK3sGPhOdz-hn0tRx5_YkAFSm1w9OB8TlR0MhV12229ZlpiyR-nJ3l4rCUIWTtV8L2cTGeXIqq4TCNmJhdc2HR9s9vKppNSsiKmglTFh1U7YXHJqHMTmxEvfzbHx6MP4bRETmgZJ0_kU6zrS9nwC373ERv-BBcA7bEc5xOHw-ELvle96A:1nfHNt:9KJwqiSgz0j1RVy7Nui032-_5Iw1HIMSsTM0vQ9LvvM",
            "expire_date": "2022-04-29T08:32:53.999Z"
        }
    },
    {
        "model": "sessions.session",
        "pk": "t25wd7fbvm9ze48w3gabo1lj4wugat77",
        "fields": {
            "session_data": ".eJxtj80KwjAQhN8lZylJWlvtUfA5wmazIaXaSH4UKb67KVao4G1nvtmBmZmCnJzKkYIaDOuZZLutpwFHmhbgI0Ko4HaLFeaY_JWKWnJrJFbnKwyX0_rw0-IgulLR2oMlq61puOZao0HqDh0KIfUeiitQoLQgBehWkDwKLjk1ply15U1tSyk6wtHnpAwkYP382lg-mHVFvWMfIVVyMI1Pn9V9oAcVlkKmL67_49cb-y9hkw:1nfIFg:BwiyfjpNwinxr7RNlaD-fZ0iWacyTcjAUqbRYZ1B_Gg",
            "expire_date": "2022-04-29T09:28:28.484Z"
        }
    },
    {
        "model": "sites.site",
        "pk": 1,
        "fields": {
            "domain": "example.com",
            "name": "example.com"
        }
    },
    {
        "model": "analytics.productrecord",
        "pk": 1,
        "fields": {
            "product": 2,
            "num_views": 7,
            "num_basket_additions": 4,
            "num_purchases": 3,
            "score": 0.0
        }
    },
    {
        "model": "analytics.productrecord",
        "pk": 2,
        "fields": {
            "product": 3,
            "num_views": 6,
            "num_basket_additions": 0,
            "num_purchases": 0,
            "score": 0.0
        }
    },
    {
        "model": "analytics.productrecord",
        "pk": 3,
        "fields": {
            "product": 4,
            "num_views": 2,
            "num_basket_additions": 0,
            "num_purchases": 0,
            "score": 0.0
        }
    },
    {
        "model": "analytics.productrecord",
        "pk": 4,
        "fields": {
            "product": 6,
            "num_views": 1,
            "num_basket_additions": 0,
            "num_purchases": 0,
            "score": 0.0
        }
    },
    {
        "model": "analytics.productrecord",
        "pk": 5,
        "fields": {
            "product": 14,
            "num_views": 2,
            "num_basket_additions": 0,
            "num_purchases": 0,
            "score": 0.0
        }
    },
    {
        "model": "analytics.userrecord",
        "pk": 1,
        "fields": {
            "user": 1,
            "num_product_views": 2,
            "num_basket_additions": 2,
            "num_orders": 1,
            "num_order_lines": 1,
            "num_order_items": 1,
            "total_spent": "45.00",
            "date_last_order": "2022-04-15T08:32:53.884Z"
        }
    },
    {
        "model": "analytics.userrecord",
        "pk": 2,
        "fields": {
            "user": 2,
            "num_product_views": 11,
            "num_basket_additions": 1,
            "num_orders": 2,
            "num_order_lines": 2,
            "num_order_items": 2,
            "total_spent": "90.00",
            "date_last_order": "2022-04-15T09:28:28.340Z"
        }
    },
    {
        "model": "analytics.userproductview",
        "pk": 1,
        "fields": {
            "user": 1,
            "product": 2,
            "date_created": "2022-04-15T08:28:40.769Z"
        }
    },
    {
        "model": "analytics.userproductview",
        "pk": 2,
        "fields": {
            "user": 1,
            "product": 2,
            "date_created": "2022-04-15T08:29:00.127Z"
        }
    },
    {
        "model": "analytics.userproductview",
        "pk": 3,
        "fields": {
            "user": 2,
            "product": 2,
            "date_created": "2022-04-15T19:16:54.897Z"
        }
    },
    {
        "model": "analytics.userproductview",
        "pk": 4,
        "fields": {
            "user": 2,
            "product": 2,
            "date_created": "2022-04-15T19:20:25.474Z"
        }
    },
    {
        "model": "analytics.userproductview",
        "pk": 5,
        "fields": {
            "user": 2,
            "product": 3,
            "date_created": "2022-04-15T19:24:02.605Z"
        }
    },
    {
        "model": "analytics.userproductview",
        "pk": 6,
        "fields": {
            "user": 2,
            "product": 3,
            "date_created": "2022-04-15T19:25:35.503Z"
        }
    },
    {
        "model": "analytics.userproductview",
        "pk": 7,
        "fields": {
            "user": 2,
            "product": 4,
            "date_created": "2022-04-15T19:25:40.382Z"
        }
    },
    {
        "model": "analytics.userproductview",
        "pk": 8,
        "fields": {
            "user": 2,
            "product": 3,
            "date_created": "2022-04-15T19:25:53.483Z"
        }
    },
    {
        "model": "analytics.userproductview",
        "pk": 9,
        "fields": {
            "user": 2,
            "product": 3,
            "date_created": "2022-04-15T19:29:06.099Z"
        }
    },
    {
        "model": "analytics.userproductview",
        "pk": 10,
        "fields": {
            "user": 2,
            "product": 6,
            "date_created": "2022-04-15T19:29:14.056Z"
        }
    },
    {
        "model": "analytics.userproductview",
        "pk": 11,
        "fields": {
            "user": 2,
            "product": 3,
            "date_created": "2022-04-15T19:29:46.219Z"
        }
    },
    {
        "model": "analytics.userproductview",
        "pk": 12,
        "fields": {
            "user": 2,
            "product": 4,
            "date_created": "2022-04-15T19:29:50.464Z"
        }
    },
    {
        "model": "analytics.userproductview",
        "pk": 13,
        "fields": {
            "user": 2,
            "product": 2,
            "date_created": "2022-04-15T20:10:33.539Z"
        }
    },
    {
        "model": "address.useraddress",
        "pk": 1,
        "fields": {
            "title": "Mr",
            "first_name": "Michael",
            "last_name": "Mensah",
            "line1": "Brosankro - Ahafo - Tano South",
            "line2": "",
            "line3": "",
            "line4": "Bechem",
            "state": "Ahafo",
            "postcode": "233",
            "country": "GH",
            "search_text": "Michael Mensah Brosankro - Ahafo - Tano South Bechem Ahafo 233 Republic of Ghana",
            "phone_number": "+233248352555",
            "notes": "",
            "user": 1,
            "is_default_for_shipping": false,
            "is_default_for_billing": false,
            "num_orders_as_shipping_address": 1,
            "num_orders_as_billing_address": 0,
            "hash": "1605076704",
            "date_created": "2022-04-15T08:32:53.882Z"
        }
    },
    {
        "model": "address.useraddress",
        "pk": 2,
        "fields": {
            "title": "Mr",
            "first_name": "Michael",
            "last_name": "Mensah",
            "line1": "NT #9 Blk D Brosankro",
            "line2": "",
            "line3": "",
            "line4": "Bechem",
            "state": "Ahafo",
            "postcode": "233",
            "country": "GH",
            "search_text": "Michael Mensah NT #9 Blk D Brosankro Bechem Ahafo 233 Republic of Ghana",
            "phone_number": "+233248352555",
            "notes": "",
            "user": 2,
            "is_default_for_shipping": false,
            "is_default_for_billing": false,
            "num_orders_as_shipping_address": 2,
            "num_orders_as_billing_address": 0,
            "hash": "3592440054",
            "date_created": "2022-04-15T08:49:12.988Z"
        }
    },
    {
        "model": "address.country",
        "pk": "AD",
        "fields": {
            "iso_3166_1_a3": "AND",
            "iso_3166_1_numeric": "020",
            "printable_name": "Andorra",
            "name": "Principality of Andorra",
            "display_order": 0,
            "is_shipping_country": true
        }
    },
    {
        "model": "address.country",
        "pk": "AE",
        "fields": {
            "iso_3166_1_a3": "ARE",
            "iso_3166_1_numeric": "784",
            "printable_name": "United Arab Emirates",
            "name": "",
            "display_order": 0,
            "is_shipping_country": true
        }
    },
    {
        "model": "address.country",
        "pk": "AF",
        "fields": {
            "iso_3166_1_a3": "AFG",
            "iso_3166_1_numeric": "004",
            "printable_name": "Afghanistan",
            "name": "Islamic Republic of Afghanistan",
            "display_order": 0,
            "is_shipping_country": true
        }
    },
    {
        "model": "address.country",
        "pk": "AG",
        "fields": {
            "iso_3166_1_a3": "ATG",
            "iso_3166_1_numeric": "028",
            "printable_name": "Antigua and Barbuda",
            "name": "",
            "display_order": 0,
            "is_shipping_country": true
        }
    },
    {
        "model": "address.country",
        "pk": "AI",
        "fields": {
            "iso_3166_1_a3": "AIA",
            "iso_3166_1_numeric": "660",
            "printable_name": "Anguilla",
            "name": "",
            "display_order": 0,
            "is_shipping_country": true
        }
    },
    {
        "model": "address.country",
        "pk": "AL",
        "fields": {
            "iso_3166_1_a3": "ALB",
            "iso_3166_1_numeric": "008",
            "printable_name": "Albania",
            "name": "Republic of Albania",
            "display_order": 0,
            "is_shipping_country": true
        }
    },
    {
        "model": "address.country",
        "pk": "AM",
        "fields": {
            "iso_3166_1_a3": "ARM",
            "iso_3166_1_numeric": "051",
            "printable_name": "Armenia",
            "name": "Republic of Armenia",
            "display_order": 0,
            "is_shipping_country": true
        }
    },
    {
        "model": "address.country",
        "pk": "AO",
        "fields": {
            "iso_3166_1_a3": "AGO",
            "iso_3166_1_numeric": "024",
            "printable_name": "Angola",
            "name": "Republic of Angola",
            "display_order": 0,
            "is_shipping_country": true
        }
    },
    {
        "model": "address.country",
        "pk": "AQ",
        "fields": {
            "iso_3166_1_a3": "ATA",
            "iso_3166_1_numeric": "010",
            "printable_name": "Antarctica",
            "name": "",
            "display_order": 0,
            "is_shipping_country": true
        }
    },
    {
        "model": "address.country",
        "pk": "AR",
        "fields": {
            "iso_3166_1_a3": "ARG",
            "iso_3166_1_numeric": "032",
            "printable_name": "Argentina",
            "name": "Argentine Republic",
            "display_order": 0,
            "is_shipping_country": true
        }
    },
    {
        "model": "address.country",
        "pk": "AS",
        "fields": {
            "iso_3166_1_a3": "ASM",
            "iso_3166_1_numeric": "016",
            "printable_name": "American Samoa",
            "name": "",
            "display_order": 0,
            "is_shipping_country": true
        }
    },
    {
        "model": "address.country",
        "pk": "AT",
        "fields": {
            "iso_3166_1_a3": "AUT",
            "iso_3166_1_numeric": "040",
            "printable_name": "Austria",
            "name": "Republic of Austria",
            "display_order": 0,
            "is_shipping_country": true
        }
    },
    {
        "model": "address.country",
        "pk": "AU",
        "fields": {
            "iso_3166_1_a3": "AUS",
            "iso_3166_1_numeric": "036",
            "printable_name": "Australia",
            "name": "",
            "display_order": 0,
            "is_shipping_country": true
        }
    },
    {
        "model": "address.country",
        "pk": "AW",
        "fields": {
            "iso_3166_1_a3": "ABW",
            "iso_3166_1_numeric": "533",
            "printable_name": "Aruba",
            "name": "",
            "display_order": 0,
            "is_shipping_country": true
        }
    },
    {
        "model": "address.country",
        "pk": "AX",
        "fields": {
            "iso_3166_1_a3": "ALA",
            "iso_3166_1_numeric": "248",
            "printable_name": "land Islands",
            "name": "",
            "display_order": 0,
            "is_shipping_country": true
        }
    },
    {
        "model": "address.country",
        "pk": "AZ",
        "fields": {
            "iso_3166_1_a3": "AZE",
            "iso_3166_1_numeric": "031",
            "printable_name": "Azerbaijan",
            "name": "Republic of Azerbaijan",
            "display_order": 0,
            "is_shipping_country": true
        }
    },
    {
        "model": "address.country",
        "pk": "BA",
        "fields": {
            "iso_3166_1_a3": "BIH",
            "iso_3166_1_numeric": "070",
            "printable_name": "Bosnia and Herzegovina",
            "name": "Republic of Bosnia and Herzegovina",
            "display_order": 0,
            "is_shipping_country": true
        }
    },
    {
        "model": "address.country",
        "pk": "BB",
        "fields": {
            "iso_3166_1_a3": "BRB",
            "iso_3166_1_numeric": "052",
            "printable_name": "Barbados",
            "name": "",
            "display_order": 0,
            "is_shipping_country": true
        }
    },
    {
        "model": "address.country",
        "pk": "BD",
        "fields": {
            "iso_3166_1_a3": "BGD",
            "iso_3166_1_numeric": "050",
            "printable_name": "Bangladesh",
            "name": "People's Republic of Bangladesh",
            "display_order": 0,
            "is_shipping_country": true
        }
    },
    {
        "model": "address.country",
        "pk": "BE",
        "fields": {
            "iso_3166_1_a3": "BEL",
            "iso_3166_1_numeric": "056",
            "printable_name": "Belgium",
            "name": "Kingdom of Belgium",
            "display_order": 0,
            "is_shipping_country": true
        }
    },
    {
        "model": "address.country",
        "pk": "BF",
        "fields": {
            "iso_3166_1_a3": "BFA",
            "iso_3166_1_numeric": "854",
            "printable_name": "Burkina Faso",
            "name": "",
            "display_order": 0,
            "is_shipping_country": true
        }
    },
    {
        "model": "address.country",
        "pk": "BG",
        "fields": {
            "iso_3166_1_a3": "BGR",
            "iso_3166_1_numeric": "100",
            "printable_name": "Bulgaria",
            "name": "Republic of Bulgaria",
            "display_order": 0,
            "is_shipping_country": true
        }
    },
    {
        "model": "address.country",
        "pk": "BH",
        "fields": {
            "iso_3166_1_a3": "BHR",
            "iso_3166_1_numeric": "048",
            "printable_name": "Bahrain",
            "name": "Kingdom of Bahrain",
            "display_order": 0,
            "is_shipping_country": true
        }
    },
    {
        "model": "address.country",
        "pk": "BI",
        "fields": {
            "iso_3166_1_a3": "BDI",
            "iso_3166_1_numeric": "108",
            "printable_name": "Burundi",
            "name": "Republic of Burundi",
            "display_order": 0,
            "is_shipping_country": true
        }
    },
    {
        "model": "address.country",
        "pk": "BJ",
        "fields": {
            "iso_3166_1_a3": "BEN",
            "iso_3166_1_numeric": "204",
            "printable_name": "Benin",
            "name": "Republic of Benin",
            "display_order": 0,
            "is_shipping_country": true
        }
    },
    {
        "model": "address.country",
        "pk": "BL",
        "fields": {
            "iso_3166_1_a3": "BLM",
            "iso_3166_1_numeric": "652",
            "printable_name": "Saint Barthlemy",
            "name": "",
            "display_order": 0,
            "is_shipping_country": true
        }
    },
    {
        "model": "address.country",
        "pk": "BM",
        "fields": {
            "iso_3166_1_a3": "BMU",
            "iso_3166_1_numeric": "060",
            "printable_name": "Bermuda",
            "name": "",
            "display_order": 0,
            "is_shipping_country": true
        }
    },
    {
        "model": "address.country",
        "pk": "BN",
        "fields": {
            "iso_3166_1_a3": "BRN",
            "iso_3166_1_numeric": "096",
            "printable_name": "Brunei Darussalam",
            "name": "",
            "display_order": 0,
            "is_shipping_country": true
        }
    },
    {
        "model": "address.country",
        "pk": "BO",
        "fields": {
            "iso_3166_1_a3": "BOL",
            "iso_3166_1_numeric": "068",
            "printable_name": "Bolivia, Plurinational State of",
            "name": "Plurinational State of Bolivia",
            "display_order": 0,
            "is_shipping_country": true
        }
    },
    {
        "model": "address.country",
        "pk": "BQ",
        "fields": {
            "iso_3166_1_a3": "BES",
            "iso_3166_1_numeric": "535",
            "printable_name": "Bonaire, Sint Eustatius and Saba",
            "name": "Bonaire, Sint Eustatius and Saba",
            "display_order": 0,
            "is_shipping_country": true
        }
    },
    {
        "model": "address.country",
        "pk": "BR",
        "fields": {
            "iso_3166_1_a3": "BRA",
            "iso_3166_1_numeric": "076",
            "printable_name": "Brazil",
            "name": "Federative Republic of Brazil",
            "display_order": 0,
            "is_shipping_country": true
        }
    },
    {
        "model": "address.country",
        "pk": "BS",
        "fields": {
            "iso_3166_1_a3": "BHS",
            "iso_3166_1_numeric": "044",
            "printable_name": "Bahamas",
            "name": "Commonwealth of the Bahamas",
            "display_order": 0,
            "is_shipping_country": true
        }
    },
    {
        "model": "address.country",
        "pk": "BT",
        "fields": {
            "iso_3166_1_a3": "BTN",
            "iso_3166_1_numeric": "064",
            "printable_name": "Bhutan",
            "name": "Kingdom of Bhutan",
            "display_order": 0,
            "is_shipping_country": true
        }
    },
    {
        "model": "address.country",
        "pk": "BV",
        "fields": {
            "iso_3166_1_a3": "BVT",
            "iso_3166_1_numeric": "074",
            "printable_name": "Bouvet Island",
            "name": "",
            "display_order": 0,
            "is_shipping_country": true
        }
    },
    {
        "model": "address.country",
        "pk": "BW",
        "fields": {
            "iso_3166_1_a3": "BWA",
            "iso_3166_1_numeric": "072",
            "printable_name": "Botswana",
            "name": "Republic of Botswana",
            "display_order": 0,
            "is_shipping_country": true
        }
    },
    {
        "model": "address.country",
        "pk": "BY",
        "fields": {
            "iso_3166_1_a3": "BLR",
            "iso_3166_1_numeric": "112",
            "printable_name": "Belarus",
            "name": "Republic of Belarus",
            "display_order": 0,
            "is_shipping_country": true
        }
    },
    {
        "model": "address.country",
        "pk": "BZ",
        "fields": {
            "iso_3166_1_a3": "BLZ",
            "iso_3166_1_numeric": "084",
            "printable_name": "Belize",
            "name": "",
            "display_order": 0,
            "is_shipping_country": true
        }
    },
    {
        "model": "address.country",
        "pk": "CA",
        "fields": {
            "iso_3166_1_a3": "CAN",
            "iso_3166_1_numeric": "124",
            "printable_name": "Canada",
            "name": "",
            "display_order": 0,
            "is_shipping_country": true
        }
    },
    {
        "model": "address.country",
        "pk": "CC",
        "fields": {
            "iso_3166_1_a3": "CCK",
            "iso_3166_1_numeric": "166",
            "printable_name": "Cocos (Keeling) Islands",
            "name": "",
            "display_order": 0,
            "is_shipping_country": true
        }
    },
    {
        "model": "address.country",
        "pk": "CD",
        "fields": {
            "iso_3166_1_a3": "COD",
            "iso_3166_1_numeric": "180",
            "printable_name": "Congo, The Democratic Republic of the",
            "name": "",
            "display_order": 0,
            "is_shipping_country": true
        }
    },
    {
        "model": "address.country",
        "pk": "CF",
        "fields": {
            "iso_3166_1_a3": "CAF",
            "iso_3166_1_numeric": "140",
            "printable_name": "Central African Republic",
            "name": "",
            "display_order": 0,
            "is_shipping_country": true
        }
    },
    {
        "model": "address.country",
        "pk": "CG",
        "fields": {
            "iso_3166_1_a3": "COG",
            "iso_3166_1_numeric": "178",
            "printable_name": "Congo",
            "name": "Republic of the Congo",
            "display_order": 0,
            "is_shipping_country": true
        }
    },
    {
        "model": "address.country",
        "pk": "CH",
        "fields": {
            "iso_3166_1_a3": "CHE",
            "iso_3166_1_numeric": "756",
            "printable_name": "Switzerland",
            "name": "Swiss Confederation",
            "display_order": 0,
            "is_shipping_country": true
        }
    },
    {
        "model": "address.country",
        "pk": "CI",
        "fields": {
            "iso_3166_1_a3": "CIV",
            "iso_3166_1_numeric": "384",
            "printable_name": "Cte d'Ivoire",
            "name": "Republic of Cte d'Ivoire",
            "display_order": 0,
            "is_shipping_country": true
        }
    },
    {
        "model": "address.country",
        "pk": "CK",
        "fields": {
            "iso_3166_1_a3": "COK",
            "iso_3166_1_numeric": "184",
            "printable_name": "Cook Islands",
            "name": "",
            "display_order": 0,
            "is_shipping_country": true
        }
    },
    {
        "model": "address.country",
        "pk": "CL",
        "fields": {
            "iso_3166_1_a3": "CHL",
            "iso_3166_1_numeric": "152",
            "printable_name": "Chile",
            "name": "Republic of Chile",
            "display_order": 0,
            "is_shipping_country": true
        }
    },
    {
        "model": "address.country",
        "pk": "CM",
        "fields": {
            "iso_3166_1_a3": "CMR",
            "iso_3166_1_numeric": "120",
            "printable_name": "Cameroon",
            "name": "Republic of Cameroon",
            "display_order": 0,
            "is_shipping_country": true
        }
    },
    {
        "model": "address.country",
        "pk": "CN",
        "fields": {
            "iso_3166_1_a3": "CHN",
            "iso_3166_1_numeric": "156",
            "printable_name": "China",
            "name": "People's Republic of China",
            "display_order": 0,
            "is_shipping_country": true
        }
    },
    {
        "model": "address.country",
        "pk": "CO",
        "fields": {
            "iso_3166_1_a3": "COL",
            "iso_3166_1_numeric": "170",
            "printable_name": "Colombia",
            "name": "Republic of Colombia",
            "display_order": 0,
            "is_shipping_country": true
        }
    },
    {
        "model": "address.country",
        "pk": "CR",
        "fields": {
            "iso_3166_1_a3": "CRI",
            "iso_3166_1_numeric": "188",
            "printable_name": "Costa Rica",
            "name": "Republic of Costa Rica",
            "display_order": 0,
            "is_shipping_country": true
        }
    },
    {
        "model": "address.country",
        "pk": "CU",
        "fields": {
            "iso_3166_1_a3": "CUB",
            "iso_3166_1_numeric": "192",
            "printable_name": "Cuba",
            "name": "Republic of Cuba",
            "display_order": 0,
            "is_shipping_country": true
        }
    },
    {
        "model": "address.country",
        "pk": "CV",
        "fields": {
            "iso_3166_1_a3": "CPV",
            "iso_3166_1_numeric": "132",
            "printable_name": "Cabo Verde",
            "name": "Republic of Cabo Verde",
            "display_order": 0,
            "is_shipping_country": true
        }
    },
    {
        "model": "address.country",
        "pk": "CW",
        "fields": {
            "iso_3166_1_a3": "CUW",
            "iso_3166_1_numeric": "531",
            "printable_name": "Curaao",
            "name": "Curaao",
            "display_order": 0,
            "is_shipping_country": true
        }
    },
    {
        "model": "address.country",
        "pk": "CX",
        "fields": {
            "iso_3166_1_a3": "CXR",
            "iso_3166_1_numeric": "162",
            "printable_name": "Christmas Island",
            "name": "",
            "display_order": 0,
            "is_shipping_country": true
        }
    },
    {
        "model": "address.country",
        "pk": "CY",
        "fields": {
            "iso_3166_1_a3": "CYP",
            "iso_3166_1_numeric": "196",
            "printable_name": "Cyprus",
            "name": "Republic of Cyprus",
            "display_order": 0,
            "is_shipping_country": true
        }
    },
    {
        "model": "address.country",
        "pk": "CZ",
        "fields": {
            "iso_3166_1_a3": "CZE",
            "iso_3166_1_numeric": "203",
            "printable_name": "Czechia",
            "name": "Czech Republic",
            "display_order": 0,
            "is_shipping_country": true
        }
    },
    {
        "model": "address.country",
        "pk": "DE",
        "fields": {
            "iso_3166_1_a3": "DEU",
            "iso_3166_1_numeric": "276",
            "printable_name": "Germany",
            "name": "Federal Republic of Germany",
            "display_order": 0,
            "is_shipping_country": true
        }
    },
    {
        "model": "address.country",
        "pk": "DJ",
        "fields": {
            "iso_3166_1_a3": "DJI",
            "iso_3166_1_numeric": "262",
            "printable_name": "Djibouti",
            "name": "Republic of Djibouti",
            "display_order": 0,
            "is_shipping_country": true
        }
    },
    {
        "model": "address.country",
        "pk": "DK",
        "fields": {
            "iso_3166_1_a3": "DNK",
            "iso_3166_1_numeric": "208",
            "printable_name": "Denmark",
            "name": "Kingdom of Denmark",
            "display_order": 0,
            "is_shipping_country": true
        }
    },
    {
        "model": "address.country",
        "pk": "DM",
        "fields": {
            "iso_3166_1_a3": "DMA",
            "iso_3166_1_numeric": "212",
            "printable_name": "Dominica",
            "name": "Commonwealth of Dominica",
            "display_order": 0,
            "is_shipping_country": true
        }
    },
    {
        "model": "address.country",
        "pk": "DO",
        "fields": {
            "iso_3166_1_a3": "DOM",
            "iso_3166_1_numeric": "214",
            "printable_name": "Dominican Republic",
            "name": "",
            "display_order": 0,
            "is_shipping_country": true
        }
    },
    {
        "model": "address.country",
        "pk": "DZ",
        "fields": {
            "iso_3166_1_a3": "DZA",
            "iso_3166_1_numeric": "012",
            "printable_name": "Algeria",
            "name": "People's Democratic Republic of Algeria",
            "display_order": 0,
            "is_shipping_country": true
        }
    },
    {
        "model": "address.country",
        "pk": "EC",
        "fields": {
            "iso_3166_1_a3": "ECU",
            "iso_3166_1_numeric": "218",
            "printable_name": "Ecuador",
            "name": "Republic of Ecuador",
            "display_order": 0,
            "is_shipping_country": true
        }
    },
    {
        "model": "address.country",
        "pk": "EE",
        "fields": {
            "iso_3166_1_a3": "EST",
            "iso_3166_1_numeric": "233",
            "printable_name": "Estonia",
            "name": "Republic of Estonia",
            "display_order": 0,
            "is_shipping_country": true
        }
    },
    {
        "model": "address.country",
        "pk": "EG",
        "fields": {
            "iso_3166_1_a3": "EGY",
            "iso_3166_1_numeric": "818",
            "printable_name": "Egypt",
            "name": "Arab Republic of Egypt",
            "display_order": 0,
            "is_shipping_country": true
        }
    },
    {
        "model": "address.country",
        "pk": "EH",
        "fields": {
            "iso_3166_1_a3": "ESH",
            "iso_3166_1_numeric": "732",
            "printable_name": "Western Sahara",
            "name": "",
            "display_order": 0,
            "is_shipping_country": true
        }
    },
    {
        "model": "address.country",
        "pk": "ER",
        "fields": {
            "iso_3166_1_a3": "ERI",
            "iso_3166_1_numeric": "232",
            "printable_name": "Eritrea",
            "name": "the State of Eritrea",
            "display_order": 0,
            "is_shipping_country": true
        }
    },
    {
        "model": "address.country",
        "pk": "ES",
        "fields": {
            "iso_3166_1_a3": "ESP",
            "iso_3166_1_numeric": "724",
            "printable_name": "Spain",
            "name": "Kingdom of Spain",
            "display_order": 0,
            "is_shipping_country": true
        }
    },
    {
        "model": "address.country",
        "pk": "ET",
        "fields": {
            "iso_3166_1_a3": "ETH",
            "iso_3166_1_numeric": "231",
            "printable_name": "Ethiopia",
            "name": "Federal Democratic Republic of Ethiopia",
            "display_order": 0,
            "is_shipping_country": true
        }
    },
    {
        "model": "address.country",
        "pk": "FI",
        "fields": {
            "iso_3166_1_a3": "FIN",
            "iso_3166_1_numeric": "246",
            "printable_name": "Finland",
            "name": "Republic of Finland",
            "display_order": 0,
            "is_shipping_country": true
        }
    },
    {
        "model": "address.country",
        "pk": "FJ",
        "fields": {
            "iso_3166_1_a3": "FJI",
            "iso_3166_1_numeric": "242",
            "printable_name": "Fiji",
            "name": "Republic of Fiji",
            "display_order": 0,
            "is_shipping_country": true
        }
    },
    {
        "model": "address.country",
        "pk": "FK",
        "fields": {
            "iso_3166_1_a3": "FLK",
            "iso_3166_1_numeric": "238",
            "printable_name": "Falkland Islands (Malvinas)",
            "name": "",
            "display_order": 0,
            "is_shipping_country": true
        }
    },
    {
        "model": "address.country",
        "pk": "FM",
        "fields": {
            "iso_3166_1_a3": "FSM",
            "iso_3166_1_numeric": "583",
            "printable_name": "Micronesia, Federated States of",
            "name": "Federated States of Micronesia",
            "display_order": 0,
            "is_shipping_country": true
        }
    },
    {
        "model": "address.country",
        "pk": "FO",
        "fields": {
            "iso_3166_1_a3": "FRO",
            "iso_3166_1_numeric": "234",
            "printable_name": "Faroe Islands",
            "name": "",
            "display_order": 0,
            "is_shipping_country": true
        }
    },
    {
        "model": "address.country",
        "pk": "FR",
        "fields": {
            "iso_3166_1_a3": "FRA",
            "iso_3166_1_numeric": "250",
            "printable_name": "France",
            "name": "French Republic",
            "display_order": 0,
            "is_shipping_country": true
        }
    },
    {
        "model": "address.country",
        "pk": "GA",
        "fields": {
            "iso_3166_1_a3": "GAB",
            "iso_3166_1_numeric": "266",
            "printable_name": "Gabon",
            "name": "Gabonese Republic",
            "display_order": 0,
            "is_shipping_country": true
        }
    },
    {
        "model": "address.country",
        "pk": "GB",
        "fields": {
            "iso_3166_1_a3": "GBR",
            "iso_3166_1_numeric": "826",
            "printable_name": "United Kingdom",
            "name": "United Kingdom of Great Britain and Northern Ireland",
            "display_order": 0,
            "is_shipping_country": true
        }
    },
    {
        "model": "address.country",
        "pk": "GD",
        "fields": {
            "iso_3166_1_a3": "GRD",
            "iso_3166_1_numeric": "308",
            "printable_name": "Grenada",
            "name": "",
            "display_order": 0,
            "is_shipping_country": true
        }
    },
    {
        "model": "address.country",
        "pk": "GE",
        "fields": {
            "iso_3166_1_a3": "GEO",
            "iso_3166_1_numeric": "268",
            "printable_name": "Georgia",
            "name": "",
            "display_order": 0,
            "is_shipping_country": true
        }
    },
    {
        "model": "address.country",
        "pk": "GF",
        "fields": {
            "iso_3166_1_a3": "GUF",
            "iso_3166_1_numeric": "254",
            "printable_name": "French Guiana",
            "name": "",
            "display_order": 0,
            "is_shipping_country": true
        }
    },
    {
        "model": "address.country",
        "pk": "GG",
        "fields": {
            "iso_3166_1_a3": "GGY",
            "iso_3166_1_numeric": "831",
            "printable_name": "Guernsey",
            "name": "",
            "display_order": 0,
            "is_shipping_country": true
        }
    },
    {
        "model": "address.country",
        "pk": "GH",
        "fields": {
            "iso_3166_1_a3": "GHA",
            "iso_3166_1_numeric": "288",
            "printable_name": "Ghana",
            "name": "Republic of Ghana",
            "display_order": 0,
            "is_shipping_country": true
        }
    },
    {
        "model": "address.country",
        "pk": "GI",
        "fields": {
            "iso_3166_1_a3": "GIB",
            "iso_3166_1_numeric": "292",
            "printable_name": "Gibraltar",
            "name": "",
            "display_order": 0,
            "is_shipping_country": true
        }
    },
    {
        "model": "address.country",
        "pk": "GL",
        "fields": {
            "iso_3166_1_a3": "GRL",
            "iso_3166_1_numeric": "304",
            "printable_name": "Greenland",
            "name": "",
            "display_order": 0,
            "is_shipping_country": true
        }
    },
    {
        "model": "address.country",
        "pk": "GM",
        "fields": {
            "iso_3166_1_a3": "GMB",
            "iso_3166_1_numeric": "270",
            "printable_name": "Gambia",
            "name": "Republic of the Gambia",
            "display_order": 0,
            "is_shipping_country": true
        }
    },
    {
        "model": "address.country",
        "pk": "GN",
        "fields": {
            "iso_3166_1_a3": "GIN",
            "iso_3166_1_numeric": "324",
            "printable_name": "Guinea",
            "name": "Republic of Guinea",
            "display_order": 0,
            "is_shipping_country": true
        }
    },
    {
        "model": "address.country",
        "pk": "GP",
        "fields": {
            "iso_3166_1_a3": "GLP",
            "iso_3166_1_numeric": "312",
            "printable_name": "Guadeloupe",
            "name": "",
            "display_order": 0,
            "is_shipping_country": true
        }
    },
    {
        "model": "address.country",
        "pk": "GQ",
        "fields": {
            "iso_3166_1_a3": "GNQ",
            "iso_3166_1_numeric": "226",
            "printable_name": "Equatorial Guinea",
            "name": "Republic of Equatorial Guinea",
            "display_order": 0,
            "is_shipping_country": true
        }
    },
    {
        "model": "address.country",
        "pk": "GR",
        "fields": {
            "iso_3166_1_a3": "GRC",
            "iso_3166_1_numeric": "300",
            "printable_name": "Greece",
            "name": "Hellenic Republic",
            "display_order": 0,
            "is_shipping_country": true
        }
    },
    {
        "model": "address.country",
        "pk": "GS",
        "fields": {
            "iso_3166_1_a3": "SGS",
            "iso_3166_1_numeric": "239",
            "printable_name": "South Georgia and the South Sandwich Islands",
            "name": "",
            "display_order": 0,
            "is_shipping_country": true
        }
    },
    {
        "model": "address.country",
        "pk": "GT",
        "fields": {
            "iso_3166_1_a3": "GTM",
            "iso_3166_1_numeric": "320",
            "printable_name": "Guatemala",
            "name": "Republic of Guatemala",
            "display_order": 0,
            "is_shipping_country": true
        }
    },
    {
        "model": "address.country",
        "pk": "GU",
        "fields": {
            "iso_3166_1_a3": "GUM",
            "iso_3166_1_numeric": "316",
            "printable_name": "Guam",
            "name": "",
            "display_order": 0,
            "is_shipping_country": true
        }
    },
    {
        "model": "address.country",
        "pk": "GW",
        "fields": {
            "iso_3166_1_a3": "GNB",
            "iso_3166_1_numeric": "624",
            "printable_name": "Guinea-Bissau",
            "name": "Republic of Guinea-Bissau",
            "display_order": 0,
            "is_shipping_country": true
        }
    },
    {
        "model": "address.country",
        "pk": "GY",
        "fields": {
            "iso_3166_1_a3": "GUY",
            "iso_3166_1_numeric": "328",
            "printable_name": "Guyana",
            "name": "Republic of Guyana",
            "display_order": 0,
            "is_shipping_country": true
        }
    },
    {
        "model": "address.country",
        "pk": "HK",
        "fields": {
            "iso_3166_1_a3": "HKG",
            "iso_3166_1_numeric": "344",
            "printable_name": "Hong Kong",
            "name": "Hong Kong Special Administrative Region of China",
            "display_order": 0,
            "is_shipping_country": true
        }
    },
    {
        "model": "address.country",
        "pk": "HM",
        "fields": {
            "iso_3166_1_a3": "HMD",
            "iso_3166_1_numeric": "334",
            "printable_name": "Heard Island and McDonald Islands",
            "name": "",
            "display_order": 0,
            "is_shipping_country": true
        }
    },
    {
        "model": "address.country",
        "pk": "HN",
        "fields": {
            "iso_3166_1_a3": "HND",
            "iso_3166_1_numeric": "340",
            "printable_name": "Honduras",
            "name": "Republic of Honduras",
            "display_order": 0,
            "is_shipping_country": true
        }
    },
    {
        "model": "address.country",
        "pk": "HR",
        "fields": {
            "iso_3166_1_a3": "HRV",
            "iso_3166_1_numeric": "191",
            "printable_name": "Croatia",
            "name": "Republic of Croatia",
            "display_order": 0,
            "is_shipping_country": true
        }
    },
    {
        "model": "address.country",
        "pk": "HT",
        "fields": {
            "iso_3166_1_a3": "HTI",
            "iso_3166_1_numeric": "332",
            "printable_name": "Haiti",
            "name": "Republic of Haiti",
            "display_order": 0,
            "is_shipping_country": true
        }
    },
    {
        "model": "address.country",
        "pk": "HU",
        "fields": {
            "iso_3166_1_a3": "HUN",
            "iso_3166_1_numeric": "348",
            "printable_name": "Hungary",
            "name": "Hungary",
            "display_order": 0,
            "is_shipping_country": true
        }
    },
    {
        "model": "address.country",
        "pk": "ID",
        "fields": {
            "iso_3166_1_a3": "IDN",
            "iso_3166_1_numeric": "360",
            "printable_name": "Indonesia",
            "name": "Republic of Indonesia",
            "display_order": 0,
            "is_shipping_country": true
        }
    },
    {
        "model": "address.country",
        "pk": "IE",
        "fields": {
            "iso_3166_1_a3": "IRL",
            "iso_3166_1_numeric": "372",
            "printable_name": "Ireland",
            "name": "",
            "display_order": 0,
            "is_shipping_country": true
        }
    },
    {
        "model": "address.country",
        "pk": "IL",
        "fields": {
            "iso_3166_1_a3": "ISR",
            "iso_3166_1_numeric": "376",
            "printable_name": "Israel",
            "name": "State of Israel",
            "display_order": 0,
            "is_shipping_country": true
        }
    },
    {
        "model": "address.country",
        "pk": "IM",
        "fields": {
            "iso_3166_1_a3": "IMN",
            "iso_3166_1_numeric": "833",
            "printable_name": "Isle of Man",
            "name": "",
            "display_order": 0,
            "is_shipping_country": true
        }
    },
    {
        "model": "address.country",
        "pk": "IN",
        "fields": {
            "iso_3166_1_a3": "IND",
            "iso_3166_1_numeric": "356",
            "printable_name": "India",
            "name": "Republic of India",
            "display_order": 0,
            "is_shipping_country": true
        }
    },
    {
        "model": "address.country",
        "pk": "IO",
        "fields": {
            "iso_3166_1_a3": "IOT",
            "iso_3166_1_numeric": "086",
            "printable_name": "British Indian Ocean Territory",
            "name": "",
            "display_order": 0,
            "is_shipping_country": true
        }
    },
    {
        "model": "address.country",
        "pk": "IQ",
        "fields": {
            "iso_3166_1_a3": "IRQ",
            "iso_3166_1_numeric": "368",
            "printable_name": "Iraq",
            "name": "Republic of Iraq",
            "display_order": 0,
            "is_shipping_country": true
        }
    },
    {
        "model": "address.country",
        "pk": "IR",
        "fields": {
            "iso_3166_1_a3": "IRN",
            "iso_3166_1_numeric": "364",
            "printable_name": "Iran, Islamic Republic of",
            "name": "Islamic Republic of Iran",
            "display_order": 0,
            "is_shipping_country": true
        }
    },
    {
        "model": "address.country",
        "pk": "IS",
        "fields": {
            "iso_3166_1_a3": "ISL",
            "iso_3166_1_numeric": "352",
            "printable_name": "Iceland",
            "name": "Republic of Iceland",
            "display_order": 0,
            "is_shipping_country": true
        }
    },
    {
        "model": "address.country",
        "pk": "IT",
        "fields": {
            "iso_3166_1_a3": "ITA",
            "iso_3166_1_numeric": "380",
            "printable_name": "Italy",
            "name": "Italian Republic",
            "display_order": 0,
            "is_shipping_country": true
        }
    },
    {
        "model": "address.country",
        "pk": "JE",
        "fields": {
            "iso_3166_1_a3": "JEY",
            "iso_3166_1_numeric": "832",
            "printable_name": "Jersey",
            "name": "",
            "display_order": 0,
            "is_shipping_country": true
        }
    },
    {
        "model": "address.country",
        "pk": "JM",
        "fields": {
            "iso_3166_1_a3": "JAM",
            "iso_3166_1_numeric": "388",
            "printable_name": "Jamaica",
            "name": "",
            "display_order": 0,
            "is_shipping_country": true
        }
    },
    {
        "model": "address.country",
        "pk": "JO",
        "fields": {
            "iso_3166_1_a3": "JOR",
            "iso_3166_1_numeric": "400",
            "printable_name": "Jordan",
            "name": "Hashemite Kingdom of Jordan",
            "display_order": 0,
            "is_shipping_country": true
        }
    },
    {
        "model": "address.country",
        "pk": "JP",
        "fields": {
            "iso_3166_1_a3": "JPN",
            "iso_3166_1_numeric": "392",
            "printable_name": "Japan",
            "name": "",
            "display_order": 0,
            "is_shipping_country": true
        }
    },
    {
        "model": "address.country",
        "pk": "KE",
        "fields": {
            "iso_3166_1_a3": "KEN",
            "iso_3166_1_numeric": "404",
            "printable_name": "Kenya",
            "name": "Republic of Kenya",
            "display_order": 0,
            "is_shipping_country": true
        }
    },
    {
        "model": "address.country",
        "pk": "KG",
        "fields": {
            "iso_3166_1_a3": "KGZ",
            "iso_3166_1_numeric": "417",
            "printable_name": "Kyrgyzstan",
            "name": "Kyrgyz Republic",
            "display_order": 0,
            "is_shipping_country": true
        }
    },
    {
        "model": "address.country",
        "pk": "KH",
        "fields": {
            "iso_3166_1_a3": "KHM",
            "iso_3166_1_numeric": "116",
            "printable_name": "Cambodia",
            "name": "Kingdom of Cambodia",
            "display_order": 0,
            "is_shipping_country": true
        }
    },
    {
        "model": "address.country",
        "pk": "KI",
        "fields": {
            "iso_3166_1_a3": "KIR",
            "iso_3166_1_numeric": "296",
            "printable_name": "Kiribati",
            "name": "Republic of Kiribati",
            "display_order": 0,
            "is_shipping_country": true
        }
    },
    {
        "model": "address.country",
        "pk": "KM",
        "fields": {
            "iso_3166_1_a3": "COM",
            "iso_3166_1_numeric": "174",
            "printable_name": "Comoros",
            "name": "Union of the Comoros",
            "display_order": 0,
            "is_shipping_country": true
        }
    },
    {
        "model": "address.country",
        "pk": "KN",
        "fields": {
            "iso_3166_1_a3": "KNA",
            "iso_3166_1_numeric": "659",
            "printable_name": "Saint Kitts and Nevis",
            "name": "",
            "display_order": 0,
            "is_shipping_country": true
        }
    },
    {
        "model": "address.country",
        "pk": "KP",
        "fields": {
            "iso_3166_1_a3": "PRK",
            "iso_3166_1_numeric": "408",
            "printable_name": "Korea, Democratic People's Republic of",
            "name": "Democratic People's Republic of Korea",
            "display_order": 0,
            "is_shipping_country": true
        }
    },
    {
        "model": "address.country",
        "pk": "KR",
        "fields": {
            "iso_3166_1_a3": "KOR",
            "iso_3166_1_numeric": "410",
            "printable_name": "Korea, Republic of",
            "name": "",
            "display_order": 0,
            "is_shipping_country": true
        }
    },
    {
        "model": "address.country",
        "pk": "KW",
        "fields": {
            "iso_3166_1_a3": "KWT",
            "iso_3166_1_numeric": "414",
            "printable_name": "Kuwait",
            "name": "State of Kuwait",
            "display_order": 0,
            "is_shipping_country": true
        }
    },
    {
        "model": "address.country",
        "pk": "KY",
        "fields": {
            "iso_3166_1_a3": "CYM",
            "iso_3166_1_numeric": "136",
            "printable_name": "Cayman Islands",
            "name": "",
            "display_order": 0,
            "is_shipping_country": true
        }
    },
    {
        "model": "address.country",
        "pk": "KZ",
        "fields": {
            "iso_3166_1_a3": "KAZ",
            "iso_3166_1_numeric": "398",
            "printable_name": "Kazakhstan",
            "name": "Republic of Kazakhstan",
            "display_order": 0,
            "is_shipping_country": true
        }
    },
    {
        "model": "address.country",
        "pk": "LA",
        "fields": {
            "iso_3166_1_a3": "LAO",
            "iso_3166_1_numeric": "418",
            "printable_name": "Lao People's Democratic Republic",
            "name": "",
            "display_order": 0,
            "is_shipping_country": true
        }
    },
    {
        "model": "address.country",
        "pk": "LB",
        "fields": {
            "iso_3166_1_a3": "LBN",
            "iso_3166_1_numeric": "422",
            "printable_name": "Lebanon",
            "name": "Lebanese Republic",
            "display_order": 0,
            "is_shipping_country": true
        }
    },
    {
        "model": "address.country",
        "pk": "LC",
        "fields": {
            "iso_3166_1_a3": "LCA",
            "iso_3166_1_numeric": "662",
            "printable_name": "Saint Lucia",
            "name": "",
            "display_order": 0,
            "is_shipping_country": true
        }
    },
    {
        "model": "address.country",
        "pk": "LI",
        "fields": {
            "iso_3166_1_a3": "LIE",
            "iso_3166_1_numeric": "438",
            "printable_name": "Liechtenstein",
            "name": "Principality of Liechtenstein",
            "display_order": 0,
            "is_shipping_country": true
        }
    },
    {
        "model": "address.country",
        "pk": "LK",
        "fields": {
            "iso_3166_1_a3": "LKA",
            "iso_3166_1_numeric": "144",
            "printable_name": "Sri Lanka",
            "name": "Democratic Socialist Republic of Sri Lanka",
            "display_order": 0,
            "is_shipping_country": true
        }
    },
    {
        "model": "address.country",
        "pk": "LR",
        "fields": {
            "iso_3166_1_a3": "LBR",
            "iso_3166_1_numeric": "430",
            "printable_name": "Liberia",
            "name": "Republic of Liberia",
            "display_order": 0,
            "is_shipping_country": true
        }
    },
    {
        "model": "address.country",
        "pk": "LS",
        "fields": {
            "iso_3166_1_a3": "LSO",
            "iso_3166_1_numeric": "426",
            "printable_name": "Lesotho",
            "name": "Kingdom of Lesotho",
            "display_order": 0,
            "is_shipping_country": true
        }
    },
    {
        "model": "address.country",
        "pk": "LT",
        "fields": {
            "iso_3166_1_a3": "LTU",
            "iso_3166_1_numeric": "440",
            "printable_name": "Lithuania",
            "name": "Republic of Lithuania",
            "display_order": 0,
            "is_shipping_country": true
        }
    },
    {
        "model": "address.country",
        "pk": "LU",
        "fields": {
            "iso_3166_1_a3": "LUX",
            "iso_3166_1_numeric": "442",
            "printable_name": "Luxembourg",
            "name": "Grand Duchy of Luxembourg",
            "display_order": 0,
            "is_shipping_country": true
        }
    },
    {
        "model": "address.country",
        "pk": "LV",
        "fields": {
            "iso_3166_1_a3": "LVA",
            "iso_3166_1_numeric": "428",
            "printable_name": "Latvia",
            "name": "Republic of Latvia",
            "display_order": 0,
            "is_shipping_country": true
        }
    },
    {
        "model": "address.country",
        "pk": "LY",
        "fields": {
            "iso_3166_1_a3": "LBY",
            "iso_3166_1_numeric": "434",
            "printable_name": "Libya",
            "name": "Libya",
            "display_order": 0,
            "is_shipping_country": true
        }
    },
    {
        "model": "address.country",
        "pk": "MA",
        "fields": {
            "iso_3166_1_a3": "MAR",
            "iso_3166_1_numeric": "504",
            "printable_name": "Morocco",
            "name": "Kingdom of Morocco",
            "display_order": 0,
            "is_shipping_country": true
        }
    },
    {
        "model": "address.country",
        "pk": "MC",
        "fields": {
            "iso_3166_1_a3": "MCO",
            "iso_3166_1_numeric": "492",
            "printable_name": "Monaco",
            "name": "Principality of Monaco",
            "display_order": 0,
            "is_shipping_country": true
        }
    },
    {
        "model": "address.country",
        "pk": "MD",
        "fields": {
            "iso_3166_1_a3": "MDA",
            "iso_3166_1_numeric": "498",
            "printable_name": "Moldova, Republic of",
            "name": "Republic of Moldova",
            "display_order": 0,
            "is_shipping_country": true
        }
    },
    {
        "model": "address.country",
        "pk": "ME",
        "fields": {
            "iso_3166_1_a3": "MNE",
            "iso_3166_1_numeric": "499",
            "printable_name": "Montenegro",
            "name": "Montenegro",
            "display_order": 0,
            "is_shipping_country": true
        }
    },
    {
        "model": "address.country",
        "pk": "MF",
        "fields": {
            "iso_3166_1_a3": "MAF",
            "iso_3166_1_numeric": "663",
            "printable_name": "Saint Martin (French part)",
            "name": "",
            "display_order": 0,
            "is_shipping_country": true
        }
    },
    {
        "model": "address.country",
        "pk": "MG",
        "fields": {
            "iso_3166_1_a3": "MDG",
            "iso_3166_1_numeric": "450",
            "printable_name": "Madagascar",
            "name": "Republic of Madagascar",
            "display_order": 0,
            "is_shipping_country": true
        }
    },
    {
        "model": "address.country",
        "pk": "MH",
        "fields": {
            "iso_3166_1_a3": "MHL",
            "iso_3166_1_numeric": "584",
            "printable_name": "Marshall Islands",
            "name": "Republic of the Marshall Islands",
            "display_order": 0,
            "is_shipping_country": true
        }
    },
    {
        "model": "address.country",
        "pk": "MK",
        "fields": {
            "iso_3166_1_a3": "MKD",
            "iso_3166_1_numeric": "807",
            "printable_name": "North Macedonia",
            "name": "Republic of North Macedonia",
            "display_order": 0,
            "is_shipping_country": true
        }
    },
    {
        "model": "address.country",
        "pk": "ML",
        "fields": {
            "iso_3166_1_a3": "MLI",
            "iso_3166_1_numeric": "466",
            "printable_name": "Mali",
            "name": "Republic of Mali",
            "display_order": 0,
            "is_shipping_country": true
        }
    },
    {
        "model": "address.country",
        "pk": "MM",
        "fields": {
            "iso_3166_1_a3": "MMR",
            "iso_3166_1_numeric": "104",
            "printable_name": "Myanmar",
            "name": "Republic of Myanmar",
            "display_order": 0,
            "is_shipping_country": true
        }
    },
    {
        "model": "address.country",
        "pk": "MN",
        "fields": {
            "iso_3166_1_a3": "MNG",
            "iso_3166_1_numeric": "496",
            "printable_name": "Mongolia",
            "name": "",
            "display_order": 0,
            "is_shipping_country": true
        }
    },
    {
        "model": "address.country",
        "pk": "MO",
        "fields": {
            "iso_3166_1_a3": "MAC",
            "iso_3166_1_numeric": "446",
            "printable_name": "Macao",
            "name": "Macao Special Administrative Region of China",
            "display_order": 0,
            "is_shipping_country": true
        }
    },
    {
        "model": "address.country",
        "pk": "MP",
        "fields": {
            "iso_3166_1_a3": "MNP",
            "iso_3166_1_numeric": "580",
            "printable_name": "Northern Mariana Islands",
            "name": "Commonwealth of the Northern Mariana Islands",
            "display_order": 0,
            "is_shipping_country": true
        }
    },
    {
        "model": "address.country",
        "pk": "MQ",
        "fields": {
            "iso_3166_1_a3": "MTQ",
            "iso_3166_1_numeric": "474",
            "printable_name": "Martinique",
            "name": "",
            "display_order": 0,
            "is_shipping_country": true
        }
    },
    {
        "model": "address.country",
        "pk": "MR",
        "fields": {
            "iso_3166_1_a3": "MRT",
            "iso_3166_1_numeric": "478",
            "printable_name": "Mauritania",
            "name": "Islamic Republic of Mauritania",
            "display_order": 0,
            "is_shipping_country": true
        }
    },
    {
        "model": "address.country",
        "pk": "MS",
        "fields": {
            "iso_3166_1_a3": "MSR",
            "iso_3166_1_numeric": "500",
            "printable_name": "Montserrat",
            "name": "",
            "display_order": 0,
            "is_shipping_country": true
        }
    },
    {
        "model": "address.country",
        "pk": "MT",
        "fields": {
            "iso_3166_1_a3": "MLT",
            "iso_3166_1_numeric": "470",
            "printable_name": "Malta",
            "name": "Republic of Malta",
            "display_order": 0,
            "is_shipping_country": true
        }
    },
    {
        "model": "address.country",
        "pk": "MU",
        "fields": {
            "iso_3166_1_a3": "MUS",
            "iso_3166_1_numeric": "480",
            "printable_name": "Mauritius",
            "name": "Republic of Mauritius",
            "display_order": 0,
            "is_shipping_country": true
        }
    },
    {
        "model": "address.country",
        "pk": "MV",
        "fields": {
            "iso_3166_1_a3": "MDV",
            "iso_3166_1_numeric": "462",
            "printable_name": "Maldives",
            "name": "Republic of Maldives",
            "display_order": 0,
            "is_shipping_country": true
        }
    },
    {
        "model": "address.country",
        "pk": "MW",
        "fields": {
            "iso_3166_1_a3": "MWI",
            "iso_3166_1_numeric": "454",
            "printable_name": "Malawi",
            "name": "Republic of Malawi",
            "display_order": 0,
            "is_shipping_country": true
        }
    },
    {
        "model": "address.country",
        "pk": "MX",
        "fields": {
            "iso_3166_1_a3": "MEX",
            "iso_3166_1_numeric": "484",
            "printable_name": "Mexico",
            "name": "United Mexican States",
            "display_order": 0,
            "is_shipping_country": true
        }
    },
    {
        "model": "address.country",
        "pk": "MY",
        "fields": {
            "iso_3166_1_a3": "MYS",
            "iso_3166_1_numeric": "458",
            "printable_name": "Malaysia",
            "name": "",
            "display_order": 0,
            "is_shipping_country": true
        }
    },
    {
        "model": "address.country",
        "pk": "MZ",
        "fields": {
            "iso_3166_1_a3": "MOZ",
            "iso_3166_1_numeric": "508",
            "printable_name": "Mozambique",
            "name": "Republic of Mozambique",
            "display_order": 0,
            "is_shipping_country": true
        }
    },
    {
        "model": "address.country",
        "pk": "NA",
        "fields": {
            "iso_3166_1_a3": "NAM",
            "iso_3166_1_numeric": "516",
            "printable_name": "Namibia",
            "name": "Republic of Namibia",
            "display_order": 0,
            "is_shipping_country": true
        }
    },
    {
        "model": "address.country",
        "pk": "NC",
        "fields": {
            "iso_3166_1_a3": "NCL",
            "iso_3166_1_numeric": "540",
            "printable_name": "New Caledonia",
            "name": "",
            "display_order": 0,
            "is_shipping_country": true
        }
    },
    {
        "model": "address.country",
        "pk": "NE",
        "fields": {
            "iso_3166_1_a3": "NER",
            "iso_3166_1_numeric": "562",
            "printable_name": "Niger",
            "name": "Republic of the Niger",
            "display_order": 0,
            "is_shipping_country": true
        }
    },
    {
        "model": "address.country",
        "pk": "NF",
        "fields": {
            "iso_3166_1_a3": "NFK",
            "iso_3166_1_numeric": "574",
            "printable_name": "Norfolk Island",
            "name": "",
            "display_order": 0,
            "is_shipping_country": true
        }
    },
    {
        "model": "address.country",
        "pk": "NG",
        "fields": {
            "iso_3166_1_a3": "NGA",
            "iso_3166_1_numeric": "566",
            "printable_name": "Nigeria",
            "name": "Federal Republic of Nigeria",
            "display_order": 0,
            "is_shipping_country": true
        }
    },
    {
        "model": "address.country",
        "pk": "NI",
        "fields": {
            "iso_3166_1_a3": "NIC",
            "iso_3166_1_numeric": "558",
            "printable_name": "Nicaragua",
            "name": "Republic of Nicaragua",
            "display_order": 0,
            "is_shipping_country": true
        }
    },
    {
        "model": "address.country",
        "pk": "NL",
        "fields": {
            "iso_3166_1_a3": "NLD",
            "iso_3166_1_numeric": "528",
            "printable_name": "Netherlands",
            "name": "Kingdom of the Netherlands",
            "display_order": 0,
            "is_shipping_country": true
        }
    },
    {
        "model": "address.country",
        "pk": "NO",
        "fields": {
            "iso_3166_1_a3": "NOR",
            "iso_3166_1_numeric": "578",
            "printable_name": "Norway",
            "name": "Kingdom of Norway",
            "display_order": 0,
            "is_shipping_country": true
        }
    },
    {
        "model": "address.country",
        "pk": "NP",
        "fields": {
            "iso_3166_1_a3": "NPL",
            "iso_3166_1_numeric": "524",
            "printable_name": "Nepal",
            "name": "Federal Democratic Republic of Nepal",
            "display_order": 0,
            "is_shipping_country": true
        }
    },
    {
        "model": "address.country",
        "pk": "NR",
        "fields": {
            "iso_3166_1_a3": "NRU",
            "iso_3166_1_numeric": "520",
            "printable_name": "Nauru",
            "name": "Republic of Nauru",
            "display_order": 0,
            "is_shipping_country": true
        }
    },
    {
        "model": "address.country",
        "pk": "NU",
        "fields": {
            "iso_3166_1_a3": "NIU",
            "iso_3166_1_numeric": "570",
            "printable_name": "Niue",
            "name": "Niue",
            "display_order": 0,
            "is_shipping_country": true
        }
    },
    {
        "model": "address.country",
        "pk": "NZ",
        "fields": {
            "iso_3166_1_a3": "NZL",
            "iso_3166_1_numeric": "554",
            "printable_name": "New Zealand",
            "name": "",
            "display_order": 0,
            "is_shipping_country": true
        }
    },
    {
        "model": "address.country",
        "pk": "OM",
        "fields": {
            "iso_3166_1_a3": "OMN",
            "iso_3166_1_numeric": "512",
            "printable_name": "Oman",
            "name": "Sultanate of Oman",
            "display_order": 0,
            "is_shipping_country": true
        }
    },
    {
        "model": "address.country",
        "pk": "PA",
        "fields": {
            "iso_3166_1_a3": "PAN",
            "iso_3166_1_numeric": "591",
            "printable_name": "Panama",
            "name": "Republic of Panama",
            "display_order": 0,
            "is_shipping_country": true
        }
    },
    {
        "model": "address.country",
        "pk": "PE",
        "fields": {
            "iso_3166_1_a3": "PER",
            "iso_3166_1_numeric": "604",
            "printable_name": "Peru",
            "name": "Republic of Peru",
            "display_order": 0,
            "is_shipping_country": true
        }
    },
    {
        "model": "address.country",
        "pk": "PF",
        "fields": {
            "iso_3166_1_a3": "PYF",
            "iso_3166_1_numeric": "258",
            "printable_name": "French Polynesia",
            "name": "",
            "display_order": 0,
            "is_shipping_country": true
        }
    },
    {
        "model": "address.country",
        "pk": "PG",
        "fields": {
            "iso_3166_1_a3": "PNG",
            "iso_3166_1_numeric": "598",
            "printable_name": "Papua New Guinea",
            "name": "Independent State of Papua New Guinea",
            "display_order": 0,
            "is_shipping_country": true
        }
    },
    {
        "model": "address.country",
        "pk": "PH",
        "fields": {
            "iso_3166_1_a3": "PHL",
            "iso_3166_1_numeric": "608",
            "printable_name": "Philippines",
            "name": "Republic of the Philippines",
            "display_order": 0,
            "is_shipping_country": true
        }
    },
    {
        "model": "address.country",
        "pk": "PK",
        "fields": {
            "iso_3166_1_a3": "PAK",
            "iso_3166_1_numeric": "586",
            "printable_name": "Pakistan",
            "name": "Islamic Republic of Pakistan",
            "display_order": 0,
            "is_shipping_country": true
        }
    },
    {
        "model": "address.country",
        "pk": "PL",
        "fields": {
            "iso_3166_1_a3": "POL",
            "iso_3166_1_numeric": "616",
            "printable_name": "Poland",
            "name": "Republic of Poland",
            "display_order": 0,
            "is_shipping_country": true
        }
    },
    {
        "model": "address.country",
        "pk": "PM",
        "fields": {
            "iso_3166_1_a3": "SPM",
            "iso_3166_1_numeric": "666",
            "printable_name": "Saint Pierre and Miquelon",
            "name": "",
            "display_order": 0,
            "is_shipping_country": true
        }
    },
    {
        "model": "address.country",
        "pk": "PN",
        "fields": {
            "iso_3166_1_a3": "PCN",
            "iso_3166_1_numeric": "612",
            "printable_name": "Pitcairn",
            "name": "",
            "display_order": 0,
            "is_shipping_country": true
        }
    },
    {
        "model": "address.country",
        "pk": "PR",
        "fields": {
            "iso_3166_1_a3": "PRI",
            "iso_3166_1_numeric": "630",
            "printable_name": "Puerto Rico",
            "name": "",
            "display_order": 0,
            "is_shipping_country": true
        }
    },
    {
        "model": "address.country",
        "pk": "PS",
        "fields": {
            "iso_3166_1_a3": "PSE",
            "iso_3166_1_numeric": "275",
            "printable_name": "Palestine, State of",
            "name": "the State of Palestine",
            "display_order": 0,
            "is_shipping_country": true
        }
    },
    {
        "model": "address.country",
        "pk": "PT",
        "fields": {
            "iso_3166_1_a3": "PRT",
            "iso_3166_1_numeric": "620",
            "printable_name": "Portugal",
            "name": "Portuguese Republic",
            "display_order": 0,
            "is_shipping_country": true
        }
    },
    {
        "model": "address.country",
        "pk": "PW",
        "fields": {
            "iso_3166_1_a3": "PLW",
            "iso_3166_1_numeric": "585",
            "printable_name": "Palau",
            "name": "Republic of Palau",
            "display_order": 0,
            "is_shipping_country": true
        }
    },
    {
        "model": "address.country",
        "pk": "PY",
        "fields": {
            "iso_3166_1_a3": "PRY",
            "iso_3166_1_numeric": "600",
            "printable_name": "Paraguay",
            "name": "Republic of Paraguay",
            "display_order": 0,
            "is_shipping_country": true
        }
    },
    {
        "model": "address.country",
        "pk": "QA",
        "fields": {
            "iso_3166_1_a3": "QAT",
            "iso_3166_1_numeric": "634",
            "printable_name": "Qatar",
            "name": "State of Qatar",
            "display_order": 0,
            "is_shipping_country": true
        }
    },
    {
        "model": "address.country",
        "pk": "RE",
        "fields": {
            "iso_3166_1_a3": "REU",
            "iso_3166_1_numeric": "638",
            "printable_name": "Runion",
            "name": "",
            "display_order": 0,
            "is_shipping_country": true
        }
    },
    {
        "model": "address.country",
        "pk": "RO",
        "fields": {
            "iso_3166_1_a3": "ROU",
            "iso_3166_1_numeric": "642",
            "printable_name": "Romania",
            "name": "",
            "display_order": 0,
            "is_shipping_country": true
        }
    },
    {
        "model": "address.country",
        "pk": "RS",
        "fields": {
            "iso_3166_1_a3": "SRB",
            "iso_3166_1_numeric": "688",
            "printable_name": "Serbia",
            "name": "Republic of Serbia",
            "display_order": 0,
            "is_shipping_country": true
        }
    },
    {
        "model": "address.country",
        "pk": "RU",
        "fields": {
            "iso_3166_1_a3": "RUS",
            "iso_3166_1_numeric": "643",
            "printable_name": "Russian Federation",
            "name": "",
            "display_order": 0,
            "is_shipping_country": true
        }
    },
    {
        "model": "address.country",
        "pk": "RW",
        "fields": {
            "iso_3166_1_a3": "RWA",
            "iso_3166_1_numeric": "646",
            "printable_name": "Rwanda",
            "name": "Rwandese Republic",
            "display_order": 0,
            "is_shipping_country": true
        }
    },
    {
        "model": "address.country",
        "pk": "SA",
        "fields": {
            "iso_3166_1_a3": "SAU",
            "iso_3166_1_numeric": "682",
            "printable_name": "Saudi Arabia",
            "name": "Kingdom of Saudi Arabia",
            "display_order": 0,
            "is_shipping_country": true
        }
    },
    {
        "model": "address.country",
        "pk": "SB",
        "fields": {
            "iso_3166_1_a3": "SLB",
            "iso_3166_1_numeric": "090",
            "printable_name": "Solomon Islands",
            "name": "",
            "display_order": 0,
            "is_shipping_country": true
        }
    },
    {
        "model": "address.country",
        "pk": "SC",
        "fields": {
            "iso_3166_1_a3": "SYC",
            "iso_3166_1_numeric": "690",
            "printable_name": "Seychelles",
            "name": "Republic of Seychelles",
            "display_order": 0,
            "is_shipping_country": true
        }
    },
    {
        "model": "address.country",
        "pk": "SD",
        "fields": {
            "iso_3166_1_a3": "SDN",
            "iso_3166_1_numeric": "729",
            "printable_name": "Sudan",
            "name": "Republic of the Sudan",
            "display_order": 0,
            "is_shipping_country": true
        }
    },
    {
        "model": "address.country",
        "pk": "SE",
        "fields": {
            "iso_3166_1_a3": "SWE",
            "iso_3166_1_numeric": "752",
            "printable_name": "Sweden",
            "name": "Kingdom of Sweden",
            "display_order": 0,
            "is_shipping_country": true
        }
    },
    {
        "model": "address.country",
        "pk": "SG",
        "fields": {
            "iso_3166_1_a3": "SGP",
            "iso_3166_1_numeric": "702",
            "printable_name": "Singapore",
            "name": "Republic of Singapore",
            "display_order": 0,
            "is_shipping_country": true
        }
    },
    {
        "model": "address.country",
        "pk": "SH",
        "fields": {
            "iso_3166_1_a3": "SHN",
            "iso_3166_1_numeric": "654",
            "printable_name": "Saint Helena, Ascension and Tristan da Cunha",
            "name": "",
            "display_order": 0,
            "is_shipping_country": true
        }
    },
    {
        "model": "address.country",
        "pk": "SI",
        "fields": {
            "iso_3166_1_a3": "SVN",
            "iso_3166_1_numeric": "705",
            "printable_name": "Slovenia",
            "name": "Republic of Slovenia",
            "display_order": 0,
            "is_shipping_country": true
        }
    },
    {
        "model": "address.country",
        "pk": "SJ",
        "fields": {
            "iso_3166_1_a3": "SJM",
            "iso_3166_1_numeric": "744",
            "printable_name": "Svalbard and Jan Mayen",
            "name": "",
            "display_order": 0,
            "is_shipping_country": true
        }
    },
    {
        "model": "address.country",
        "pk": "SK",
        "fields": {
            "iso_3166_1_a3": "SVK",
            "iso_3166_1_numeric": "703",
            "printable_name": "Slovakia",
            "name": "Slovak Republic",
            "display_order": 0,
            "is_shipping_country": true
        }
    },
    {
        "model": "address.country",
        "pk": "SL",
        "fields": {
            "iso_3166_1_a3": "SLE",
            "iso_3166_1_numeric": "694",
            "printable_name": "Sierra Leone",
            "name": "Republic of Sierra Leone",
            "display_order": 0,
            "is_shipping_country": true
        }
    },
    {
        "model": "address.country",
        "pk": "SM",
        "fields": {
            "iso_3166_1_a3": "SMR",
            "iso_3166_1_numeric": "674",
            "printable_name": "San Marino",
            "name": "Republic of San Marino",
            "display_order": 0,
            "is_shipping_country": true
        }
    },
    {
        "model": "address.country",
        "pk": "SN",
        "fields": {
            "iso_3166_1_a3": "SEN",
            "iso_3166_1_numeric": "686",
            "printable_name": "Senegal",
            "name": "Republic of Senegal",
            "display_order": 0,
            "is_shipping_country": true
        }
    },
    {
        "model": "address.country",
        "pk": "SO",
        "fields": {
            "iso_3166_1_a3": "SOM",
            "iso_3166_1_numeric": "706",
            "printable_name": "Somalia",
            "name": "Federal Republic of Somalia",
            "display_order": 0,
            "is_shipping_country": true
        }
    },
    {
        "model": "address.country",
        "pk": "SR",
        "fields": {
            "iso_3166_1_a3": "SUR",
            "iso_3166_1_numeric": "740",
            "printable_name": "Suriname",
            "name": "Republic of Suriname",
            "display_order": 0,
            "is_shipping_country": true
        }
    },
    {
        "model": "address.country",
        "pk": "SS",
        "fields": {
            "iso_3166_1_a3": "SSD",
            "iso_3166_1_numeric": "728",
            "printable_name": "South Sudan",
            "name": "Republic of South Sudan",
            "display_order": 0,
            "is_shipping_country": true
        }
    },
    {
        "model": "address.country",
        "pk": "ST",
        "fields": {
            "iso_3166_1_a3": "STP",
            "iso_3166_1_numeric": "678",
            "printable_name": "Sao Tome and Principe",
            "name": "Democratic Republic of Sao Tome and Principe",
            "display_order": 0,
            "is_shipping_country": true
        }
    },
    {
        "model": "address.country",
        "pk": "SV",
        "fields": {
            "iso_3166_1_a3": "SLV",
            "iso_3166_1_numeric": "222",
            "printable_name": "El Salvador",
            "name": "Republic of El Salvador",
            "display_order": 0,
            "is_shipping_country": true
        }
    },
    {
        "model": "address.country",
        "pk": "SX",
        "fields": {
            "iso_3166_1_a3": "SXM",
            "iso_3166_1_numeric": "534",
            "printable_name": "Sint Maarten (Dutch part)",
            "name": "Sint Maarten (Dutch part)",
            "display_order": 0,
            "is_shipping_country": true
        }
    },
    {
        "model": "address.country",
        "pk": "SY",
        "fields": {
            "iso_3166_1_a3": "SYR",
            "iso_3166_1_numeric": "760",
            "printable_name": "Syrian Arab Republic",
            "name": "",
            "display_order": 0,
            "is_shipping_country": true
        }
    },
    {
        "model": "address.country",
        "pk": "SZ",
        "fields": {
            "iso_3166_1_a3": "SWZ",
            "iso_3166_1_numeric": "748",
            "printable_name": "Eswatini",
            "name": "Kingdom of Eswatini",
            "display_order": 0,
            "is_shipping_country": true
        }
    },
    {
        "model": "address.country",
        "pk": "TC",
        "fields": {
            "iso_3166_1_a3": "TCA",
            "iso_3166_1_numeric": "796",
            "printable_name": "Turks and Caicos Islands",
            "name": "",
            "display_order": 0,
            "is_shipping_country": true
        }
    },
    {
        "model": "address.country",
        "pk": "TD",
        "fields": {
            "iso_3166_1_a3": "TCD",
            "iso_3166_1_numeric": "148",
            "printable_name": "Chad",
            "name": "Republic of Chad",
            "display_order": 0,
            "is_shipping_country": true
        }
    },
    {
        "model": "address.country",
        "pk": "TF",
        "fields": {
            "iso_3166_1_a3": "ATF",
            "iso_3166_1_numeric": "260",
            "printable_name": "French Southern Territories",
            "name": "",
            "display_order": 0,
            "is_shipping_country": true
        }
    },
    {
        "model": "address.country",
        "pk": "TG",
        "fields": {
            "iso_3166_1_a3": "TGO",
            "iso_3166_1_numeric": "768",
            "printable_name": "Togo",
            "name": "Togolese Republic",
            "display_order": 0,
            "is_shipping_country": true
        }
    },
    {
        "model": "address.country",
        "pk": "TH",
        "fields": {
            "iso_3166_1_a3": "THA",
            "iso_3166_1_numeric": "764",
            "printable_name": "Thailand",
            "name": "Kingdom of Thailand",
            "display_order": 0,
            "is_shipping_country": true
        }
    },
    {
        "model": "address.country",
        "pk": "TJ",
        "fields": {
            "iso_3166_1_a3": "TJK",
            "iso_3166_1_numeric": "762",
            "printable_name": "Tajikistan",
            "name": "Republic of Tajikistan",
            "display_order": 0,
            "is_shipping_country": true
        }
    },
    {
        "model": "address.country",
        "pk": "TK",
        "fields": {
            "iso_3166_1_a3": "TKL",
            "iso_3166_1_numeric": "772",
            "printable_name": "Tokelau",
            "name": "",
            "display_order": 0,
            "is_shipping_country": true
        }
    },
    {
        "model": "address.country",
        "pk": "TL",
        "fields": {
            "iso_3166_1_a3": "TLS",
            "iso_3166_1_numeric": "626",
            "printable_name": "Timor-Leste",
            "name": "Democratic Republic of Timor-Leste",
            "display_order": 0,
            "is_shipping_country": true
        }
    },
    {
        "model": "address.country",
        "pk": "TM",
        "fields": {
            "iso_3166_1_a3": "TKM",
            "iso_3166_1_numeric": "795",
            "printable_name": "Turkmenistan",
            "name": "",
            "display_order": 0,
            "is_shipping_country": true
        }
    },
    {
        "model": "address.country",
        "pk": "TN",
        "fields": {
            "iso_3166_1_a3": "TUN",
            "iso_3166_1_numeric": "788",
            "printable_name": "Tunisia",
            "name": "Republic of Tunisia",
            "display_order": 0,
            "is_shipping_country": true
        }
    },
    {
        "model": "address.country",
        "pk": "TO",
        "fields": {
            "iso_3166_1_a3": "TON",
            "iso_3166_1_numeric": "776",
            "printable_name": "Tonga",
            "name": "Kingdom of Tonga",
            "display_order": 0,
            "is_shipping_country": true
        }
    },
    {
        "model": "address.country",
        "pk": "TR",
        "fields": {
            "iso_3166_1_a3": "TUR",
            "iso_3166_1_numeric": "792",
            "printable_name": "Turkey",
            "name": "Republic of Turkey",
            "display_order": 0,
            "is_shipping_country": true
        }
    },
    {
        "model": "address.country",
        "pk": "TT",
        "fields": {
            "iso_3166_1_a3": "TTO",
            "iso_3166_1_numeric": "780",
            "printable_name": "Trinidad and Tobago",
            "name": "Republic of Trinidad and Tobago",
            "display_order": 0,
            "is_shipping_country": true
        }
    },
    {
        "model": "address.country",
        "pk": "TV",
        "fields": {
            "iso_3166_1_a3": "TUV",
            "iso_3166_1_numeric": "798",
            "printable_name": "Tuvalu",
            "name": "",
            "display_order": 0,
            "is_shipping_country": true
        }
    },
    {
        "model": "address.country",
        "pk": "TW",
        "fields": {
            "iso_3166_1_a3": "TWN",
            "iso_3166_1_numeric": "158",
            "printable_name": "Taiwan, Province of China",
            "name": "Taiwan, Province of China",
            "display_order": 0,
            "is_shipping_country": true
        }
    },
    {
        "model": "address.country",
        "pk": "TZ",
        "fields": {
            "iso_3166_1_a3": "TZA",
            "iso_3166_1_numeric": "834",
            "printable_name": "Tanzania, United Republic of",
            "name": "United Republic of Tanzania",
            "display_order": 0,
            "is_shipping_country": true
        }
    },
    {
        "model": "address.country",
        "pk": "UA",
        "fields": {
            "iso_3166_1_a3": "UKR",
            "iso_3166_1_numeric": "804",
            "printable_name": "Ukraine",
            "name": "",
            "display_order": 0,
            "is_shipping_country": true
        }
    },
    {
        "model": "address.country",
        "pk": "UG",
        "fields": {
            "iso_3166_1_a3": "UGA",
            "iso_3166_1_numeric": "800",
            "printable_name": "Uganda",
            "name": "Republic of Uganda",
            "display_order": 0,
            "is_shipping_country": true
        }
    },
    {
        "model": "address.country",
        "pk": "UM",
        "fields": {
            "iso_3166_1_a3": "UMI",
            "iso_3166_1_numeric": "581",
            "printable_name": "United States Minor Outlying Islands",
            "name": "",
            "display_order": 0,
            "is_shipping_country": true
        }
    },
    {
        "model": "address.country",
        "pk": "US",
        "fields": {
            "iso_3166_1_a3": "USA",
            "iso_3166_1_numeric": "840",
            "printable_name": "United States",
            "name": "United States of America",
            "display_order": 0,
            "is_shipping_country": true
        }
    },
    {
        "model": "address.country",
        "pk": "UY",
        "fields": {
            "iso_3166_1_a3": "URY",
            "iso_3166_1_numeric": "858",
            "printable_name": "Uruguay",
            "name": "Eastern Republic of Uruguay",
            "display_order": 0,
            "is_shipping_country": true
        }
    },
    {
        "model": "address.country",
        "pk": "UZ",
        "fields": {
            "iso_3166_1_a3": "UZB",
            "iso_3166_1_numeric": "860",
            "printable_name": "Uzbekistan",
            "name": "Republic of Uzbekistan",
            "display_order": 0,
            "is_shipping_country": true
        }
    },
    {
        "model": "address.country",
        "pk": "VA",
        "fields": {
            "iso_3166_1_a3": "VAT",
            "iso_3166_1_numeric": "336",
            "printable_name": "Holy See (Vatican City State)",
            "name": "",
            "display_order": 0,
            "is_shipping_country": true
        }
    },
    {
        "model": "address.country",
        "pk": "VC",
        "fields": {
            "iso_3166_1_a3": "VCT",
            "iso_3166_1_numeric": "670",
            "printable_name": "Saint Vincent and the Grenadines",
            "name": "",
            "display_order": 0,
            "is_shipping_country": true
        }
    },
    {
        "model": "address.country",
        "pk": "VE",
        "fields": {
            "iso_3166_1_a3": "VEN",
            "iso_3166_1_numeric": "862",
            "printable_name": "Venezuela, Bolivarian Republic of",
            "name": "Bolivarian Republic of Venezuela",
            "display_order": 0,
            "is_shipping_country": true
        }
    },
    {
        "model": "address.country",
        "pk": "VG",
        "fields": {
            "iso_3166_1_a3": "VGB",
            "iso_3166_1_numeric": "092",
            "printable_name": "Virgin Islands, British",
            "name": "British Virgin Islands",
            "display_order": 0,
            "is_shipping_country": true
        }
    },
    {
        "model": "address.country",
        "pk": "VI",
        "fields": {
            "iso_3166_1_a3": "VIR",
            "iso_3166_1_numeric": "850",
            "printable_name": "Virgin Islands, U.S.",
            "name": "Virgin Islands of the United States",
            "display_order": 0,
            "is_shipping_country": true
        }
    },
    {
        "model": "address.country",
        "pk": "VN",
        "fields": {
            "iso_3166_1_a3": "VNM",
            "iso_3166_1_numeric": "704",
            "printable_name": "Viet Nam",
            "name": "Socialist Republic of Viet Nam",
            "display_order": 0,
            "is_shipping_country": true
        }
    },
    {
        "model": "address.country",
        "pk": "VU",
        "fields": {
            "iso_3166_1_a3": "VUT",
            "iso_3166_1_numeric": "548",
            "printable_name": "Vanuatu",
            "name": "Republic of Vanuatu",
            "display_order": 0,
            "is_shipping_country": true
        }
    },
    {
        "model": "address.country",
        "pk": "WF",
        "fields": {
            "iso_3166_1_a3": "WLF",
            "iso_3166_1_numeric": "876",
            "printable_name": "Wallis and Futuna",
            "name": "",
            "display_order": 0,
            "is_shipping_country": true
        }
    },
    {
        "model": "address.country",
        "pk": "WS",
        "fields": {
            "iso_3166_1_a3": "WSM",
            "iso_3166_1_numeric": "882",
            "printable_name": "Samoa",
            "name": "Independent State of Samoa",
            "display_order": 0,
            "is_shipping_country": true
        }
    },
    {
        "model": "address.country",
        "pk": "YE",
        "fields": {
            "iso_3166_1_a3": "YEM",
            "iso_3166_1_numeric": "887",
            "printable_name": "Yemen",
            "name": "Republic of Yemen",
            "display_order": 0,
            "is_shipping_country": true
        }
    },
    {
        "model": "address.country",
        "pk": "YT",
        "fields": {
            "iso_3166_1_a3": "MYT",
            "iso_3166_1_numeric": "175",
            "printable_name": "Mayotte",
            "name": "",
            "display_order": 0,
            "is_shipping_country": true
        }
    },
    {
        "model": "address.country",
        "pk": "ZA",
        "fields": {
            "iso_3166_1_a3": "ZAF",
            "iso_3166_1_numeric": "710",
            "printable_name": "South Africa",
            "name": "Republic of South Africa",
            "display_order": 0,
            "is_shipping_country": true
        }
    },
    {
        "model": "address.country",
        "pk": "ZM",
        "fields": {
            "iso_3166_1_a3": "ZMB",
            "iso_3166_1_numeric": "894",
            "printable_name": "Zambia",
            "name": "Republic of Zambia",
            "display_order": 0,
            "is_shipping_country": true
        }
    },
    {
        "model": "address.country",
        "pk": "ZW",
        "fields": {
            "iso_3166_1_a3": "ZWE",
            "iso_3166_1_numeric": "716",
            "printable_name": "Zimbabwe",
            "name": "Republic of Zimbabwe",
            "display_order": 0,
            "is_shipping_country": true
        }
    },
    {
        "model": "catalogue.productclass",
        "pk": 1,
        "fields": {
            "name": "Bags",
            "slug": "bag",
            "requires_shipping": true,
            "track_stock": true,
            "options": [
                1
            ]
        }
    },
    {
        "model": "catalogue.productclass",
        "pk": 2,
        "fields": {
            "name": "Dresses",
            "slug": "dress",
            "requires_shipping": true,
            "track_stock": true,
            "options": []
        }
    },
    {
        "model": "catalogue.productclass",
        "pk": 3,
        "fields": {
            "name": "Shoes",
            "slug": "shoes",
            "requires_shipping": true,
            "track_stock": true,
            "options": []
        }
    },
    {
        "model": "catalogue.productclass",
        "pk": 4,
        "fields": {
            "name": "Suite",
            "slug": "suite",
            "requires_shipping": true,
            "track_stock": true,
            "options": [
                1
            ]
        }
    },
    {
        "model": "catalogue.category",
        "pk": 1,
        "fields": {
            "path": "0001",
            "depth": 1,
            "numchild": 0,
            "name": "Ladies",
            "description": "",
            "meta_title": null,
            "meta_description": "",
            "image": "",
            "slug": "ladies",
            "is_public": true,
            "ancestors_are_public": true
        }
    },
    {
        "model": "catalogue.category",
        "pk": 2,
        "fields": {
            "path": "0002",
            "depth": 1,
            "numchild": 0,
            "name": "Kids",
            "description": "",
            "meta_title": null,
            "meta_description": "",
            "image": "",
            "slug": "kids_wear",
            "is_public": true,
            "ancestors_are_public": true
        }
    },
    {
        "model": "catalogue.category",
        "pk": 3,
        "fields": {
            "path": "0003",
            "depth": 1,
            "numchild": 0,
            "name": "Official",
            "description": "",
            "meta_title": null,
            "meta_description": "",
            "image": "",
            "slug": "official",
            "is_public": true,
            "ancestors_are_public": true
        }
    },
    {
        "model": "catalogue.category",
        "pk": 4,
        "fields": {
            "path": "0004",
            "depth": 1,
            "numchild": 0,
            "name": "Wedding",
            "description": "",
            "meta_title": null,
            "meta_description": "",
            "image": "",
            "slug": "wedding",
            "is_public": true,
            "ancestors_are_public": true
        }
    },
    {
        "model": "catalogue.category",
        "pk": 5,
        "fields": {
            "path": "0005",
            "depth": 1,
            "numchild": 0,
            "name": "Casual",
            "description": "",
            "meta_title": null,
            "meta_description": "",
            "image": "",
            "slug": "casual",
            "is_public": true,
            "ancestors_are_public": true
        }
    },
    {
        "model": "catalogue.category",
        "pk": 6,
        "fields": {
            "path": "0006",
            "depth": 1,
            "numchild": 0,
            "name": "Nighties",
            "description": "",
            "meta_title": null,
            "meta_description": "",
            "image": "",
            "slug": "nighties",
            "is_public": true,
            "ancestors_are_public": true
        }
    },
    {
        "model": "catalogue.category",
        "pk": 7,
        "fields": {
            "path": "0007",
            "depth": 1,
            "numchild": 0,
            "name": "Sports",
            "description": "",
            "meta_title": null,
            "meta_description": "",
            "image": "",
            "slug": "sports",
            "is_public": true,
            "ancestors_are_public": true
        }
    },
    {
        "model": "catalogue.category",
        "pk": 8,
        "fields": {
            "path": "0008",
            "depth": 1,
            "numchild": 0,
            "name": "Underwares",
            "description": "",
            "meta_title": null,
            "meta_description": "",
            "image": "",
            "slug": "underwares",
            "is_public": true,
            "ancestors_are_public": true
        }
    },
    {
        "model": "catalogue.productcategory",
        "pk": 1,
        "fields": {
            "product": 2,
            "category": 1
        }
    },
    {
        "model": "catalogue.productcategory",
        "pk": 2,
        "fields": {
            "product": 3,
            "category": 1
        }
    },
    {
        "model": "catalogue.productcategory",
        "pk": 3,
        "fields": {
            "product": 8,
            "category": 1
        }
    },
    {
        "model": "catalogue.productcategory",
        "pk": 4,
        "fields": {
            "product": 9,
            "category": 7
        }
    },
    {
        "model": "catalogue.productcategory",
        "pk": 5,
        "fields": {
            "product": 10,
            "category": 1
        }
    },
    {
        "model": "catalogue.productcategory",
        "pk": 6,
        "fields": {
            "product": 12,
            "category": 4
        }
    },
    {
        "model": "catalogue.productcategory",
        "pk": 7,
        "fields": {
            "product": 13,
            "category": 1
        }
    },
    {
        "model": "catalogue.productcategory",
        "pk": 8,
        "fields": {
            "product": 14,
            "category": 3
        }
    },
    {
        "model": "catalogue.product",
        "pk": 2,
        "fields": {
            "structure": "standalone",
            "is_public": true,
            "upc": "",
            "parent": null,
            "title": "Ladies Hand Bag",
            "slug": "ladies-hand-bag",
            "description": "",
            "meta_title": null,
            "meta_description": "",
            "product_class": 1,
            "rating": null,
            "date_created": "2022-04-15T08:13:31.019Z",
            "date_updated": "2022-04-15T19:16:35.284Z",
            "is_discountable": true,
            "product_options": []
        }
    },
    {
        "model": "catalogue.product",
        "pk": 3,
        "fields": {
            "structure": "parent",
            "is_public": true,
            "upc": "",
            "parent": null,
            "title": "School Bag",
            "slug": "school-bag",
            "description": "",
            "meta_title": null,
            "meta_description": "",
            "product_class": 1,
            "rating": null,
            "date_created": "2022-04-15T19:22:40.912Z",
            "date_updated": "2022-04-15T19:28:42.566Z",
            "is_discountable": true,
            "product_options": []
        }
    },
    {
        "model": "catalogue.product",
        "pk": 4,
        "fields": {
            "structure": "child",
            "is_public": true,
            "upc": "",
            "parent": 3,
            "title": "Kids School Bag",
            "slug": "kids-school-bag",
            "description": "",
            "meta_title": null,
            "meta_description": "",
            "product_class": null,
            "rating": null,
            "date_created": "2022-04-15T19:23:45.516Z",
            "date_updated": "2022-04-15T19:27:01.960Z",
            "is_discountable": true,
            "product_options": []
        }
    },
    {
        "model": "catalogue.product",
        "pk": 6,
        "fields": {
            "structure": "child",
            "is_public": true,
            "upc": "",
            "parent": 3,
            "title": "Travelling School Bag",
            "slug": "travelling-school-bag",
            "description": "",
            "meta_title": null,
            "meta_description": "",
            "product_class": null,
            "rating": null,
            "date_created": "2022-04-15T19:28:42.544Z",
            "date_updated": "2022-04-15T19:28:42.544Z",
            "is_discountable": true,
            "product_options": []
        }
    },
    {
        "model": "catalogue.product",
        "pk": 8,
        "fields": {
            "structure": "standalone",
            "is_public": true,
            "upc": "",
            "parent": null,
            "title": "Mens Office Suite",
            "slug": "mens-office-suite",
            "description": "",
            "meta_title": null,
            "meta_description": "",
            "product_class": 4,
            "rating": null,
            "date_created": "2022-04-17T20:15:06.319Z",
            "date_updated": "2022-04-17T20:48:04.006Z",
            "is_discountable": true,
            "product_options": []
        }
    },
    {
        "model": "catalogue.product",
        "pk": 9,
        "fields": {
            "structure": "standalone",
            "is_public": true,
            "upc": "",
            "parent": null,
            "title": "Nike Footware",
            "slug": "nike-footware",
            "description": "",
            "meta_title": null,
            "meta_description": "",
            "product_class": 3,
            "rating": null,
            "date_created": "2022-04-17T22:21:44.256Z",
            "date_updated": "2022-04-17T22:21:44.256Z",
            "is_discountable": true,
            "product_options": []
        }
    },
    {
        "model": "catalogue.product",
        "pk": 10,
        "fields": {
            "structure": "standalone",
            "is_public": true,
            "upc": "",
            "parent": null,
            "title": "Flower Stylish Top and Down",
            "slug": "flower-stylish-top-and-down",
            "description": "",
            "meta_title": null,
            "meta_description": "",
            "product_class": 2,
            "rating": null,
            "date_created": "2022-04-17T22:23:53.042Z",
            "date_updated": "2022-04-17T22:23:53.042Z",
            "is_discountable": true,
            "product_options": []
        }
    },
    {
        "model": "catalogue.product",
        "pk": 12,
        "fields": {
            "structure": "standalone",
            "is_public": true,
            "upc": "",
            "parent": null,
            "title": "Ladies Outing Pink Bag",
            "slug": "ladies-outing-pink-bag",
            "description": "",
            "meta_title": null,
            "meta_description": "",
            "product_class": 1,
            "rating": null,
            "date_created": "2022-04-17T22:26:32.908Z",
            "date_updated": "2022-04-17T22:26:32.908Z",
            "is_discountable": true,
            "product_options": []
        }
    },
    {
        "model": "catalogue.product",
        "pk": 13,
        "fields": {
            "structure": "standalone",
            "is_public": true,
            "upc": "",
            "parent": null,
            "title": "Sexy Light Crop Like Top With Skirt",
            "slug": "sexy-light-crop-like-top-with-skirt",
            "description": "",
            "meta_title": null,
            "meta_description": "",
            "product_class": 2,
            "rating": null,
            "date_created": "2022-04-17T22:28:47.146Z",
            "date_updated": "2022-04-17T22:28:47.146Z",
            "is_discountable": true,
            "product_options": []
        }
    },
    {
        "model": "catalogue.product",
        "pk": 14,
        "fields": {
            "structure": "standalone",
            "is_public": true,
            "upc": "",
            "parent": null,
            "title": "Men Suite Set with Free Italian Shoes",
            "slug": "men-suite-set-with-free-italian-shoes",
            "description": "",
            "meta_title": null,
            "meta_description": "",
            "product_class": 4,
            "rating": null,
            "date_created": "2022-04-17T22:31:06.106Z",
            "date_updated": "2022-04-17T22:31:06.106Z",
            "is_discountable": true,
            "product_options": []
        }
    },
    {
        "model": "catalogue.productattribute",
        "pk": 1,
        "fields": {
            "product_class": 1,
            "name": "Color",
            "code": "color",
            "type": "option",
            "option_group": 1,
            "required": true
        }
    },
    {
        "model": "catalogue.productattribute",
        "pk": 2,
        "fields": {
            "product_class": 1,
            "name": "Size",
            "code": "size",
            "type": "integer",
            "option_group": null,
            "required": true
        }
    },
    {
        "model": "catalogue.productattributevalue",
        "pk": 1,
        "fields": {
            "attribute": 1,
            "product": 2,
            "value_text": null,
            "value_integer": null,
            "value_boolean": null,
            "value_float": null,
            "value_richtext": null,
            "value_date": null,
            "value_datetime": null,
            "value_option": 2,
            "value_file": "",
            "value_image": "",
            "entity_content_type": null,
            "entity_object_id": null,
            "value_multi_option": []
        }
    },
    {
        "model": "catalogue.productattributevalue",
        "pk": 2,
        "fields": {
            "attribute": 2,
            "product": 2,
            "value_text": null,
            "value_integer": 7,
            "value_boolean": null,
            "value_float": null,
            "value_richtext": null,
            "value_date": null,
            "value_datetime": null,
            "value_option": null,
            "value_file": "",
            "value_image": "",
            "entity_content_type": null,
            "entity_object_id": null,
            "value_multi_option": []
        }
    },
    {
        "model": "catalogue.productattributevalue",
        "pk": 3,
        "fields": {
            "attribute": 1,
            "product": 3,
            "value_text": null,
            "value_integer": null,
            "value_boolean": null,
            "value_float": null,
            "value_richtext": null,
            "value_date": null,
            "value_datetime": null,
            "value_option": 3,
            "value_file": "",
            "value_image": "",
            "entity_content_type": null,
            "entity_object_id": null,
            "value_multi_option": []
        }
    },
    {
        "model": "catalogue.productattributevalue",
        "pk": 4,
        "fields": {
            "attribute": 2,
            "product": 3,
            "value_text": null,
            "value_integer": 4,
            "value_boolean": null,
            "value_float": null,
            "value_richtext": null,
            "value_date": null,
            "value_datetime": null,
            "value_option": null,
            "value_file": "",
            "value_image": "",
            "entity_content_type": null,
            "entity_object_id": null,
            "value_multi_option": []
        }
    },
    {
        "model": "catalogue.productattributevalue",
        "pk": 5,
        "fields": {
            "attribute": 1,
            "product": 4,
            "value_text": null,
            "value_integer": null,
            "value_boolean": null,
            "value_float": null,
            "value_richtext": null,
            "value_date": null,
            "value_datetime": null,
            "value_option": 2,
            "value_file": "",
            "value_image": "",
            "entity_content_type": null,
            "entity_object_id": null,
            "value_multi_option": []
        }
    },
    {
        "model": "catalogue.productattributevalue",
        "pk": 6,
        "fields": {
            "attribute": 2,
            "product": 4,
            "value_text": null,
            "value_integer": 4,
            "value_boolean": null,
            "value_float": null,
            "value_richtext": null,
            "value_date": null,
            "value_datetime": null,
            "value_option": null,
            "value_file": "",
            "value_image": "",
            "entity_content_type": null,
            "entity_object_id": null,
            "value_multi_option": []
        }
    },
    {
        "model": "catalogue.productattributevalue",
        "pk": 9,
        "fields": {
            "attribute": 1,
            "product": 6,
            "value_text": null,
            "value_integer": null,
            "value_boolean": null,
            "value_float": null,
            "value_richtext": null,
            "value_date": null,
            "value_datetime": null,
            "value_option": 3,
            "value_file": "",
            "value_image": "",
            "entity_content_type": null,
            "entity_object_id": null,
            "value_multi_option": []
        }
    },
    {
        "model": "catalogue.productattributevalue",
        "pk": 10,
        "fields": {
            "attribute": 2,
            "product": 6,
            "value_text": null,
            "value_integer": 6,
            "value_boolean": null,
            "value_float": null,
            "value_richtext": null,
            "value_date": null,
            "value_datetime": null,
            "value_option": null,
            "value_file": "",
            "value_image": "",
            "entity_content_type": null,
            "entity_object_id": null,
            "value_multi_option": []
        }
    },
    {
        "model": "catalogue.productattributevalue",
        "pk": 13,
        "fields": {
            "attribute": 1,
            "product": 12,
            "value_text": null,
            "value_integer": null,
            "value_boolean": null,
            "value_float": null,
            "value_richtext": null,
            "value_date": null,
            "value_datetime": null,
            "value_option": 1,
            "value_file": "",
            "value_image": "",
            "entity_content_type": null,
            "entity_object_id": null,
            "value_multi_option": []
        }
    },
    {
        "model": "catalogue.productattributevalue",
        "pk": 14,
        "fields": {
            "attribute": 2,
            "product": 12,
            "value_text": null,
            "value_integer": 5,
            "value_boolean": null,
            "value_float": null,
            "value_richtext": null,
            "value_date": null,
            "value_datetime": null,
            "value_option": null,
            "value_file": "",
            "value_image": "",
            "entity_content_type": null,
            "entity_object_id": null,
            "value_multi_option": []
        }
    },
    {
        "model": "catalogue.attributeoptiongroup",
        "pk": 1,
        "fields": {
            "name": "Color"
        }
    },
    {
        "model": "catalogue.attributeoption",
        "pk": 1,
        "fields": {
            "group": 1,
            "option": "Red"
        }
    },
    {
        "model": "catalogue.attributeoption",
        "pk": 2,
        "fields": {
            "group": 1,
            "option": "Green"
        }
    },
    {
        "model": "catalogue.attributeoption",
        "pk": 3,
        "fields": {
            "group": 1,
            "option": "Yellow"
        }
    },
    {
        "model": "catalogue.option",
        "pk": 1,
        "fields": {
            "name": "Size",
            "code": "size",
            "type": "integer",
            "required": true
        }
    },
    {
        "model": "catalogue.productimage",
        "pk": 1,
        "fields": {
            "product": 2,
            "original": "images/products/2022/04/HEICtoJPG.jpg",
            "caption": "",
            "display_order": 0,
            "date_created": "2022-04-15T08:13:31.036Z"
        }
    },
    {
        "model": "catalogue.productimage",
        "pk": 2,
        "fields": {
            "product": 3,
            "original": "images/products/2022/04/IMG-20200605-WA0012.jpg",
            "caption": "",
            "display_order": 0,
            "date_created": "2022-04-15T19:26:43.277Z"
        }
    },
    {
        "model": "catalogue.productimage",
        "pk": 3,
        "fields": {
            "product": 4,
            "original": "images/products/2022/04/IMG-20200605-WA0011.jpg",
            "caption": "",
            "display_order": 0,
            "date_created": "2022-04-15T19:27:01.968Z"
        }
    },
    {
        "model": "catalogue.productimage",
        "pk": 4,
        "fields": {
            "product": 8,
            "original": "images/products/2022/04/IMG_1145.PNG",
            "caption": "",
            "display_order": 0,
            "date_created": "2022-04-17T20:48:04.014Z"
        }
    },
    {
        "model": "catalogue.productimage",
        "pk": 5,
        "fields": {
            "product": 9,
            "original": "images/products/2022/04/IMG_1151.PNG",
            "caption": "",
            "display_order": 0,
            "date_created": "2022-04-17T22:21:44.321Z"
        }
    },
    {
        "model": "catalogue.productimage",
        "pk": 6,
        "fields": {
            "product": 10,
            "original": "images/products/2022/04/IMG_1173.PNG",
            "caption": "",
            "display_order": 0,
            "date_created": "2022-04-17T22:23:53.063Z"
        }
    },
    {
        "model": "catalogue.productimage",
        "pk": 7,
        "fields": {
            "product": 12,
            "original": "images/products/2022/04/IMG_1168.PNG",
            "caption": "",
            "display_order": 0,
            "date_created": "2022-04-17T22:26:32.939Z"
        }
    },
    {
        "model": "catalogue.productimage",
        "pk": 8,
        "fields": {
            "product": 13,
            "original": "images/products/2022/04/IMG_1191.PNG",
            "caption": "",
            "display_order": 0,
            "date_created": "2022-04-17T22:28:47.167Z"
        }
    },
    {
        "model": "catalogue.productimage",
        "pk": 9,
        "fields": {
            "product": 14,
            "original": "images/products/2022/04/IMG_1150.PNG",
            "caption": "Black",
            "display_order": 0,
            "date_created": "2022-04-17T22:31:06.125Z"
        }
    },
    {
        "model": "catalogue.productimage",
        "pk": 10,
        "fields": {
            "product": 14,
            "original": "images/products/2022/04/IMG_1146.PNG",
            "caption": "Blue",
            "display_order": 1,
            "date_created": "2022-04-17T22:31:06.127Z"
        }
    },
    {
        "model": "communication.email",
        "pk": 1,
        "fields": {
            "user": 2,
            "email": "mykejnrdev@gmail.com",
            "subject": "Thank you for registering.",
            "body_text": "Thank you for registering.",
            "body_html": "<p>Thank you for registering.</p>",
            "date_sent": "2022-04-15T08:46:38.269Z"
        }
    },
    {
        "model": "communication.email",
        "pk": 2,
        "fields": {
            "user": 2,
            "email": "mykejnrdev@gmail.com",
            "subject": "Confirmation of order 100003",
            "body_text": "Hello,\n\nWe are pleased to confirm your order 100003 has been received and\nwill be processed shortly.\n\nYour order contains:\n\n * Ladies Hand Bag - quantity: 1 - price: GHS45.00\n\nCart total: GHS45.00\nShipping: GHS0.00\nOrder Total: GHS45.00\n\nShipping address:\n\n  Mr Michael Mensah\n  NT #9 Blk D Brosankro\n  Bechem\n  Ahafo\n  233\n  Ghana\n\n\n\nYou can view the status of this order at the below URL:\nhttp://example.com/accounts/orders/100003/\n\n\nThe team\n",
            "body_html": "\n<!DOCTYPE html PUBLIC \"-//W3C//DTD XHTML 1.0 Transitional//EN\" \"http://www.w3.org/TR/xhtml1/DTD/xhtml1-transitional.dtd\">\n<html xmlns=\"http://www.w3.org/1999/xhtml\">\n    <head>\n        <meta name=\"viewport\" content=\"width=device-width\" />\n        <meta http-equiv=\"Content-Type\" content=\"text/html; charset=UTF-8\" />\n        <style>\n            * {\n              margin: 0;\n              font-family: \"Helvetica Neue\", Helvetica, Arial, sans-serif;\n              box-sizing: border-box;\n              font-size: 14px;\n            }\n\n            img {\n              max-width: 100%;\n            }\n\n            body {\n              -webkit-font-smoothing: antialiased;\n              -webkit-text-size-adjust: none;\n              width: 100% !important;\n              height: 100%;\n              line-height: 1.6em;\n            }\n\n            table td {\n              vertical-align: top;\n            }\n\n            body {\n              background-color: #f6f6f6;\n            }\n\n            .body-wrap {\n              background-color: #f6f6f6;\n              width: 100%;\n            }\n\n            .container {\n              display: block !important;\n              max-width: 600px !important;\n              margin: 0 auto !important;\n              clear: both !important;\n            }\n\n            .content {\n              max-width: 600px;\n              margin: 0 auto;\n              display: block;\n              padding: 20px;\n            }\n\n            .main {\n              background-color: #fff;\n              border: 1px solid #e9e9e9;\n              border-radius: 3px;\n            }\n\n            .content-wrap {\n              padding: 20px;\n            }\n\n            .content-block {\n              padding: 0 0 20px;\n            }\n\n            .header {\n              width: 100%;\n              margin-bottom: 20px;\n            }\n\n            .footer {\n              width: 100%;\n              clear: both;\n              color: #999;\n              padding: 20px;\n            }\n            .footer p, .footer a, .footer td {\n              color: #999;\n              font-size: 12px;\n            }\n\n            h1, h2, h3 {\n              font-family: \"Helvetica Neue\", Helvetica, Arial, \"Lucida Grande\", sans-serif;\n              color: #000;\n              margin: 40px 0 0;\n              line-height: 1.2em;\n              font-weight: 400;\n            }\n\n            h1 {\n              font-size: 32px;\n              font-weight: 500;\n            }\n\n            h2 {\n              font-size: 24px;\n            }\n\n            h3 {\n              font-size: 18px;\n            }\n\n            h4 {\n              font-size: 14px;\n              font-weight: 600;\n            }\n\n            p, ul, ol {\n              margin-bottom: 10px;\n              font-weight: normal;\n            }\n            p li, ul li, ol li {\n              margin-left: 5px;\n              list-style-position: inside;\n            }\n\n            a {\n              color: #348eda;\n              text-decoration: underline;\n            }\n\n            .btn-primary {\n              text-decoration: none;\n              color: #FFF;\n              background-color: #348eda;\n              border: solid #348eda;\n              border-width: 10px 20px;\n              line-height: 2em;\n              font-weight: bold;\n              text-align: center;\n              cursor: pointer;\n              display: inline-block;\n              border-radius: 5px;\n              text-transform: capitalize;\n            }\n\n            .last {\n              margin-bottom: 0;\n            }\n\n            .first {\n              margin-top: 0;\n            }\n\n            .aligncenter {\n              text-align: center;\n            }\n\n            .alignright {\n              text-align: right;\n            }\n\n            .alignleft {\n              text-align: left;\n            }\n\n            .clear {\n              clear: both;\n            }\n\n            .alert {\n              font-size: 16px;\n              color: #fff;\n              font-weight: 500;\n              padding: 20px;\n              text-align: center;\n              border-radius: 3px 3px 0 0;\n            }\n            .alert a {\n              color: #fff;\n              text-decoration: none;\n              font-weight: 500;\n              font-size: 16px;\n            }\n            .alert.alert-warning {\n              background-color: #FF9F00;\n            }\n            .alert.alert-bad {\n              background-color: #D0021B;\n            }\n            .alert.alert-good {\n              background-color: #68B90F;\n            }\n\n            .invoice {\n              margin: 40px auto;\n              text-align: left;\n              width: 80%;\n            }\n            .order {\n              text-align: left;\n              width: 100%;\n            }\n            .invoice td, .order td {\n              padding: 5px 0;\n            }\n            .invoice .invoice-items, .order .order-items {\n              width: 100%;\n            }\n            .invoice .invoice-items td, .order .order-items td {\n              border-top: #eee 1px solid;\n            }\n            .invoice .invoice-items .total td, .order .order-items .total td {\n              border-top: 2px solid #333;\n              border-bottom: 2px solid #333;\n              font-weight: 700;\n            }\n\n            @media only screen and (max-width: 640px) {\n              body {\n                padding: 0 !important;\n              }\n\n              h1, h2, h3, h4 {\n                font-weight: 800 !important;\n                margin: 20px 0 5px !important;\n              }\n\n              h1 {\n                font-size: 22px !important;\n              }\n\n              h2 {\n                font-size: 18px !important;\n              }\n\n              h3 {\n                font-size: 16px !important;\n              }\n\n              .container {\n                padding: 0 !important;\n                width: 100% !important;\n              }\n\n              .content {\n                padding: 0 !important;\n              }\n\n              .content-wrap {\n                padding: 10px !important;\n              }\n\n              .invoice {\n                width: 100% !important;\n              }\n\n              .order {\n                width: 100% !important;\n              }\n            }\n\n        </style>\n    </head>\n\n    <body itemscope itemtype=\"http://schema.org/EmailMessage\">\n\n    <table class=\"body-wrap\">\n        <tr>\n            <td></td>\n            <td class=\"container\" width=\"600\">\n                <div class=\"content\">\n                    <table class=\"main\" width=\"100%\" cellpadding=\"0\" cellspacing=\"0\" itemprop=\"action\" itemscope itemtype=\"http://schema.org/ConfirmAction\">\n                        <tr>\n                            <td class=\"content-wrap\">\n                                <table width=\"100%\" cellpadding=\"0\" cellspacing=\"0\">\n                                    \n                                    \n<tr>\n    <td class=\"content-block\">\n        <p xmlns=\"http://www.w3.org/1999/html\">Hello,</p>\n        <p>We are pleased to confirm your order 100003 has been received and\n        will be processed shortly.</p>\n    </td>\n</tr>\n\n<tr>\n    <td class=\"content-block\">\n        <table class=\"order\">\n            <tbody><tr>\n                <td>Your order contains:</td>\n            </tr>\n            <tr>\n                <td>\n                    <table class=\"order-items\" cellpadding=\"0\" cellspacing=\"0\">\n                        <tbody>\n                            \n                                <tr>\n                                    <td>Ladies Hand Bag &times; 1</td>\n                                    <td class=\"alignright\">GHS45.00</td>\n                                </tr>\n                            \n                            <tr>\n                                <td class=\"alignright\">Cart total:</td>\n                                <td class=\"alignright\">GHS45.00</td>\n                            </tr>\n                            <tr>\n                                <td class=\"alignright\">Shipping:</td>\n                                <td class=\"alignright\">GHS0.00</td>\n                            </tr>\n                            <tr class=\"total\">\n                                <td class=\"alignright\" width=\"80%\">Order Total:</td>\n                                <td class=\"alignright\">GHS45.00</td>\n                            </tr>\n                        </tbody>\n                    </table>\n                </td>\n            </tr>\n        </tbody></table>\n    </td>\n</tr>\n\n<tr>\n    <td class=\"content-block\">\n        <p>Shipping address:</p>\n        <p>  Mr Michael Mensah<br/>\n          NT #9 Blk D Brosankro<br/>\n          Bechem<br/>\n          Ahafo<br/>\n          233<br/>\n          Ghana<br/>\n        </p>\n    </td>\n</tr>\n\n\n    <tr>\n        <td class=\"content-block\">\n            You can view the status of this order by clicking <a href=\"http://example.com/accounts/orders/100003/\" title=\"order status\">here</a>\n        </td>\n    </tr>\n\n\n\n                                    \n                                        <tr>\n                                            <td class=\"content-block\">\n                                                <p>Thanks for using our site!</p>\n                                                <p>The example.com team</p>\n                                            </td>\n                                        </tr>\n                                    \n                                </table>\n                            </td>\n                        </tr>\n                    </table>\n                </div>\n            </td>\n            <td></td>\n        </tr>\n    </table>\n\n    </body>\n</html>",
            "date_sent": "2022-04-15T08:49:13.046Z"
        }
    },
    {
        "model": "communication.email",
        "pk": 3,
        "fields": {
            "user": 2,
            "email": "mykejnrdev@gmail.com",
            "subject": "Confirmation of order 100004",
            "body_text": "Hello,\n\nWe are pleased to confirm your order 100004 has been received and\nwill be processed shortly.\n\nYour order contains:\n\n * Ladies Hand Bag - quantity: 1 - price: GHS45.00\n\nCart total: GHS45.00\nShipping: GHS0.00\nOrder Total: GHS45.00\n\nShipping address:\n\n  Mr Michael Mensah\n  NT #9 Blk D Brosankro\n  Bechem\n  Ahafo\n  233\n  Ghana\n\n\n\nYou can view the status of this order at the below URL:\nhttp://example.com/accounts/orders/100004/\n\n\nThe team\n",
            "body_html": "\n<!DOCTYPE html PUBLIC \"-//W3C//DTD XHTML 1.0 Transitional//EN\" \"http://www.w3.org/TR/xhtml1/DTD/xhtml1-transitional.dtd\">\n<html xmlns=\"http://www.w3.org/1999/xhtml\">\n    <head>\n        <meta name=\"viewport\" content=\"width=device-width\" />\n        <meta http-equiv=\"Content-Type\" content=\"text/html; charset=UTF-8\" />\n        <style>\n            * {\n              margin: 0;\n              font-family: \"Helvetica Neue\", Helvetica, Arial, sans-serif;\n              box-sizing: border-box;\n              font-size: 14px;\n            }\n\n            img {\n              max-width: 100%;\n            }\n\n            body {\n              -webkit-font-smoothing: antialiased;\n              -webkit-text-size-adjust: none;\n              width: 100% !important;\n              height: 100%;\n              line-height: 1.6em;\n            }\n\n            table td {\n              vertical-align: top;\n            }\n\n            body {\n              background-color: #f6f6f6;\n            }\n\n            .body-wrap {\n              background-color: #f6f6f6;\n              width: 100%;\n            }\n\n            .container {\n              display: block !important;\n              max-width: 600px !important;\n              margin: 0 auto !important;\n              clear: both !important;\n            }\n\n            .content {\n              max-width: 600px;\n              margin: 0 auto;\n              display: block;\n              padding: 20px;\n            }\n\n            .main {\n              background-color: #fff;\n              border: 1px solid #e9e9e9;\n              border-radius: 3px;\n            }\n\n            .content-wrap {\n              padding: 20px;\n            }\n\n            .content-block {\n              padding: 0 0 20px;\n            }\n\n            .header {\n              width: 100%;\n              margin-bottom: 20px;\n            }\n\n            .footer {\n              width: 100%;\n              clear: both;\n              color: #999;\n              padding: 20px;\n            }\n            .footer p, .footer a, .footer td {\n              color: #999;\n              font-size: 12px;\n            }\n\n            h1, h2, h3 {\n              font-family: \"Helvetica Neue\", Helvetica, Arial, \"Lucida Grande\", sans-serif;\n              color: #000;\n              margin: 40px 0 0;\n              line-height: 1.2em;\n              font-weight: 400;\n            }\n\n            h1 {\n              font-size: 32px;\n              font-weight: 500;\n            }\n\n            h2 {\n              font-size: 24px;\n            }\n\n            h3 {\n              font-size: 18px;\n            }\n\n            h4 {\n              font-size: 14px;\n              font-weight: 600;\n            }\n\n            p, ul, ol {\n              margin-bottom: 10px;\n              font-weight: normal;\n            }\n            p li, ul li, ol li {\n              margin-left: 5px;\n              list-style-position: inside;\n            }\n\n            a {\n              color: #348eda;\n              text-decoration: underline;\n            }\n\n            .btn-primary {\n              text-decoration: none;\n              color: #FFF;\n              background-color: #348eda;\n              border: solid #348eda;\n              border-width: 10px 20px;\n              line-height: 2em;\n              font-weight: bold;\n              text-align: center;\n              cursor: pointer;\n              display: inline-block;\n              border-radius: 5px;\n              text-transform: capitalize;\n            }\n\n            .last {\n              margin-bottom: 0;\n            }\n\n            .first {\n              margin-top: 0;\n            }\n\n            .aligncenter {\n              text-align: center;\n            }\n\n            .alignright {\n              text-align: right;\n            }\n\n            .alignleft {\n              text-align: left;\n            }\n\n            .clear {\n              clear: both;\n            }\n\n            .alert {\n              font-size: 16px;\n              color: #fff;\n              font-weight: 500;\n              padding: 20px;\n              text-align: center;\n              border-radius: 3px 3px 0 0;\n            }\n            .alert a {\n              color: #fff;\n              text-decoration: none;\n              font-weight: 500;\n              font-size: 16px;\n            }\n            .alert.alert-warning {\n              background-color: #FF9F00;\n            }\n            .alert.alert-bad {\n              background-color: #D0021B;\n            }\n            .alert.alert-good {\n              background-color: #68B90F;\n            }\n\n            .invoice {\n              margin: 40px auto;\n              text-align: left;\n              width: 80%;\n            }\n            .order {\n              text-align: left;\n              width: 100%;\n            }\n            .invoice td, .order td {\n              padding: 5px 0;\n            }\n            .invoice .invoice-items, .order .order-items {\n              width: 100%;\n            }\n            .invoice .invoice-items td, .order .order-items td {\n              border-top: #eee 1px solid;\n            }\n            .invoice .invoice-items .total td, .order .order-items .total td {\n              border-top: 2px solid #333;\n              border-bottom: 2px solid #333;\n              font-weight: 700;\n            }\n\n            @media only screen and (max-width: 640px) {\n              body {\n                padding: 0 !important;\n              }\n\n              h1, h2, h3, h4 {\n                font-weight: 800 !important;\n                margin: 20px 0 5px !important;\n              }\n\n              h1 {\n                font-size: 22px !important;\n              }\n\n              h2 {\n                font-size: 18px !important;\n              }\n\n              h3 {\n                font-size: 16px !important;\n              }\n\n              .container {\n                padding: 0 !important;\n                width: 100% !important;\n              }\n\n              .content {\n                padding: 0 !important;\n              }\n\n              .content-wrap {\n                padding: 10px !important;\n              }\n\n              .invoice {\n                width: 100% !important;\n              }\n\n              .order {\n                width: 100% !important;\n              }\n            }\n\n        </style>\n    </head>\n\n    <body itemscope itemtype=\"http://schema.org/EmailMessage\">\n\n    <table class=\"body-wrap\">\n        <tr>\n            <td></td>\n            <td class=\"container\" width=\"600\">\n                <div class=\"content\">\n                    <table class=\"main\" width=\"100%\" cellpadding=\"0\" cellspacing=\"0\" itemprop=\"action\" itemscope itemtype=\"http://schema.org/ConfirmAction\">\n                        <tr>\n                            <td class=\"content-wrap\">\n                                <table width=\"100%\" cellpadding=\"0\" cellspacing=\"0\">\n                                    \n                                    \n<tr>\n    <td class=\"content-block\">\n        <p xmlns=\"http://www.w3.org/1999/html\">Hello,</p>\n        <p>We are pleased to confirm your order 100004 has been received and\n        will be processed shortly.</p>\n    </td>\n</tr>\n\n<tr>\n    <td class=\"content-block\">\n        <table class=\"order\">\n            <tbody><tr>\n                <td>Your order contains:</td>\n            </tr>\n            <tr>\n                <td>\n                    <table class=\"order-items\" cellpadding=\"0\" cellspacing=\"0\">\n                        <tbody>\n                            \n                                <tr>\n                                    <td>Ladies Hand Bag &times; 1</td>\n                                    <td class=\"alignright\">GHS45.00</td>\n                                </tr>\n                            \n                            <tr>\n                                <td class=\"alignright\">Cart total:</td>\n                                <td class=\"alignright\">GHS45.00</td>\n                            </tr>\n                            <tr>\n                                <td class=\"alignright\">Shipping:</td>\n                                <td class=\"alignright\">GHS0.00</td>\n                            </tr>\n                            <tr class=\"total\">\n                                <td class=\"alignright\" width=\"80%\">Order Total:</td>\n                                <td class=\"alignright\">GHS45.00</td>\n                            </tr>\n                        </tbody>\n                    </table>\n                </td>\n            </tr>\n        </tbody></table>\n    </td>\n</tr>\n\n<tr>\n    <td class=\"content-block\">\n        <p>Shipping address:</p>\n        <p>  Mr Michael Mensah<br/>\n          NT #9 Blk D Brosankro<br/>\n          Bechem<br/>\n          Ahafo<br/>\n          233<br/>\n          Ghana<br/>\n        </p>\n    </td>\n</tr>\n\n\n    <tr>\n        <td class=\"content-block\">\n            You can view the status of this order by clicking <a href=\"http://example.com/accounts/orders/100004/\" title=\"order status\">here</a>\n        </td>\n    </tr>\n\n\n\n                                    \n                                        <tr>\n                                            <td class=\"content-block\">\n                                                <p>Thanks for using our site!</p>\n                                                <p>The example.com team</p>\n                                            </td>\n                                        </tr>\n                                    \n                                </table>\n                            </td>\n                        </tr>\n                    </table>\n                </div>\n            </td>\n            <td></td>\n        </tr>\n    </table>\n\n    </body>\n</html>",
            "date_sent": "2022-04-15T09:28:28.385Z"
        }
    },
    {
        "model": "partner.partner",
        "pk": 1,
        "fields": {
            "code": "jonah",
            "name": "Jonah",
            "users": []
        }
    },
    {
        "model": "partner.stockrecord",
        "pk": 1,
        "fields": {
            "product": 2,
            "partner": 1,
            "partner_sku": "10001",
            "price_currency": "GHS",
            "price": "45.00",
            "num_in_stock": 15,
            "num_allocated": 3,
            "low_stock_threshold": 3,
            "date_created": "2022-04-15T08:27:19.314Z",
            "date_updated": "2022-04-15T08:27:19.314Z"
        }
    },
    {
        "model": "partner.stockrecord",
        "pk": 2,
        "fields": {
            "product": 4,
            "partner": 1,
            "partner_sku": "1000234",
            "price_currency": "GHS",
            "price": "90.00",
            "num_in_stock": 5,
            "num_allocated": null,
            "low_stock_threshold": 1,
            "date_created": "2022-04-15T19:25:23.799Z",
            "date_updated": "2022-04-15T19:25:23.799Z"
        }
    },
    {
        "model": "partner.stockrecord",
        "pk": 3,
        "fields": {
            "product": 6,
            "partner": 1,
            "partner_sku": "233455",
            "price_currency": "GHS",
            "price": "159.00",
            "num_in_stock": 28,
            "num_allocated": null,
            "low_stock_threshold": 2,
            "date_created": "2022-04-15T19:28:42.578Z",
            "date_updated": "2022-04-15T19:28:42.578Z"
        }
    },
    {
        "model": "partner.stockrecord",
        "pk": 4,
        "fields": {
            "product": 8,
            "partner": 1,
            "partner_sku": "1235533",
            "price_currency": "GHS",
            "price": "300.00",
            "num_in_stock": 12,
            "num_allocated": null,
            "low_stock_threshold": 4,
            "date_created": "2022-04-17T20:15:06.338Z",
            "date_updated": "2022-04-17T20:15:06.338Z"
        }
    },
    {
        "model": "partner.stockrecord",
        "pk": 5,
        "fields": {
            "product": 9,
            "partner": 1,
            "partner_sku": "108343",
            "price_currency": "GHS",
            "price": "520.00",
            "num_in_stock": 79,
            "num_allocated": null,
            "low_stock_threshold": 2,
            "date_created": "2022-04-17T22:21:44.322Z",
            "date_updated": "2022-04-17T22:21:44.322Z"
        }
    },
    {
        "model": "partner.stockrecord",
        "pk": 6,
        "fields": {
            "product": 10,
            "partner": 1,
            "partner_sku": "223453",
            "price_currency": "GHS",
            "price": "150.00",
            "num_in_stock": 234,
            "num_allocated": null,
            "low_stock_threshold": 5,
            "date_created": "2022-04-17T22:23:53.064Z",
            "date_updated": "2022-04-17T22:23:53.064Z"
        }
    },
    {
        "model": "partner.stockrecord",
        "pk": 7,
        "fields": {
            "product": 12,
            "partner": 1,
            "partner_sku": "987234",
            "price_currency": "GHS",
            "price": "89.23",
            "num_in_stock": 9,
            "num_allocated": null,
            "low_stock_threshold": 3,
            "date_created": "2022-04-17T22:26:32.941Z",
            "date_updated": "2022-04-17T22:26:32.941Z"
        }
    },
    {
        "model": "partner.stockrecord",
        "pk": 8,
        "fields": {
            "product": 13,
            "partner": 1,
            "partner_sku": "923844",
            "price_currency": "GHS",
            "price": "205.00",
            "num_in_stock": 9,
            "num_allocated": null,
            "low_stock_threshold": 1,
            "date_created": "2022-04-17T22:28:47.168Z",
            "date_updated": "2022-04-17T22:28:47.168Z"
        }
    },
    {
        "model": "partner.stockrecord",
        "pk": 9,
        "fields": {
            "product": 14,
            "partner": 1,
            "partner_sku": "1323444",
            "price_currency": "GHS",
            "price": "399.99",
            "num_in_stock": 234,
            "num_allocated": null,
            "low_stock_threshold": 4,
            "date_created": "2022-04-17T22:31:06.127Z",
            "date_updated": "2022-04-17T22:31:06.127Z"
        }
    },
    {
        "model": "basket.basket",
        "pk": 1,
        "fields": {
            "owner": 1,
            "status": "Open",
            "date_created": "2022-04-15T08:13:58.922Z",
            "date_merged": null,
            "date_submitted": "2022-04-15T08:32:53.913Z",
            "vouchers": []
        }
    },
    {
        "model": "basket.basket",
        "pk": 2,
        "fields": {
            "owner": null,
            "status": "Merged",
            "date_created": "2022-04-15T08:36:45.925Z",
            "date_merged": "2022-04-15T08:46:38.494Z",
            "date_submitted": null,
            "vouchers": []
        }
    },
    {
        "model": "basket.basket",
        "pk": 3,
        "fields": {
            "owner": 2,
            "status": "Submitted",
            "date_created": "2022-04-15T08:46:38.487Z",
            "date_merged": null,
            "date_submitted": "2022-04-15T08:49:13.026Z",
            "vouchers": []
        }
    },
    {
        "model": "basket.basket",
        "pk": 4,
        "fields": {
            "owner": 2,
            "status": "Submitted",
            "date_created": "2022-04-15T09:27:43.286Z",
            "date_merged": null,
            "date_submitted": "2022-04-15T09:28:28.364Z",
            "vouchers": []
        }
    },
    {
        "model": "basket.basket",
        "pk": 5,
        "fields": {
            "owner": 2,
            "status": "Open",
            "date_created": "2022-04-15T09:28:38.948Z",
            "date_merged": null,
            "date_submitted": null,
            "vouchers": []
        }
    },
    {
        "model": "basket.line",
        "pk": 1,
        "fields": {
            "basket": 1,
            "line_reference": "2_1",
            "product": 2,
            "stockrecord": 1,
            "quantity": 2,
            "price_currency": "GHS",
            "price_excl_tax": "45.00",
            "price_incl_tax": "45.00",
            "date_created": "2022-04-15T08:29:00.076Z",
            "date_updated": "2022-04-15T08:34:21.348Z"
        }
    },
    {
        "model": "basket.line",
        "pk": 2,
        "fields": {
            "basket": 3,
            "line_reference": "2_1",
            "product": 2,
            "stockrecord": 1,
            "quantity": 1,
            "price_currency": "GHS",
            "price_excl_tax": "45.00",
            "price_incl_tax": "45.00",
            "date_created": "2022-04-15T08:36:45.930Z",
            "date_updated": "2022-04-15T08:46:38.493Z"
        }
    },
    {
        "model": "basket.line",
        "pk": 3,
        "fields": {
            "basket": 4,
            "line_reference": "2_1",
            "product": 2,
            "stockrecord": 1,
            "quantity": 1,
            "price_currency": "GHS",
            "price_excl_tax": "45.00",
            "price_incl_tax": "45.00",
            "date_created": "2022-04-15T09:27:48.683Z",
            "date_updated": "2022-04-15T09:27:48.683Z"
        }
    },
    {
        "model": "order.order",
        "pk": 1,
        "fields": {
            "number": "100001",
            "site": 1,
            "basket": 1,
            "user": 1,
            "billing_address": null,
            "currency": "GHS",
            "total_incl_tax": "45.00",
            "total_excl_tax": "45.00",
            "shipping_incl_tax": "0.00",
            "shipping_excl_tax": "0.00",
            "shipping_address": 1,
            "shipping_method": "Free shipping",
            "shipping_code": "free-shipping",
            "status": "",
            "guest_email": "",
            "date_placed": "2022-04-15T08:32:53.884Z"
        }
    },
    {
        "model": "order.order",
        "pk": 2,
        "fields": {
            "number": "100003",
            "site": 1,
            "basket": 3,
            "user": 2,
            "billing_address": null,
            "currency": "GHS",
            "total_incl_tax": "45.00",
            "total_excl_tax": "45.00",
            "shipping_incl_tax": "0.00",
            "shipping_excl_tax": "0.00",
            "shipping_address": 2,
            "shipping_method": "Free shipping",
            "shipping_code": "free-shipping",
            "status": "",
            "guest_email": "",
            "date_placed": "2022-04-15T08:49:12.990Z"
        }
    },
    {
        "model": "order.order",
        "pk": 3,
        "fields": {
            "number": "100004",
            "site": 1,
            "basket": 4,
            "user": 2,
            "billing_address": null,
            "currency": "GHS",
            "total_incl_tax": "45.00",
            "total_excl_tax": "45.00",
            "shipping_incl_tax": "0.00",
            "shipping_excl_tax": "0.00",
            "shipping_address": 3,
            "shipping_method": "Free shipping",
            "shipping_code": "free-shipping",
            "status": "Being processed",
            "guest_email": "",
            "date_placed": "2022-04-15T09:28:28.340Z"
        }
    },
    {
        "model": "order.ordernote",
        "pk": 1,
        "fields": {
            "order": 3,
            "user": 1,
            "note_type": "System",
            "message": "Order status changed from 'Pending' to 'Being processed'",
            "date_created": "2022-04-15T09:29:44.490Z",
            "date_updated": "2022-04-15T09:29:44.490Z"
        }
    },
    {
        "model": "order.orderstatuschange",
        "pk": 1,
        "fields": {
            "order": 3,
            "old_status": "Pending",
            "new_status": "Being processed",
            "date_created": "2022-04-15T09:29:44.486Z"
        }
    },
    {
        "model": "order.shippingaddress",
        "pk": 1,
        "fields": {
            "title": "Mr",
            "first_name": "Michael",
            "last_name": "Mensah",
            "line1": "Brosankro - Ahafo - Tano South",
            "line2": "",
            "line3": "",
            "line4": "Bechem",
            "state": "Ahafo",
            "postcode": "233",
            "country": "GH",
            "search_text": "Michael Mensah Brosankro - Ahafo - Tano South Bechem Ahafo 233 Republic of Ghana",
            "phone_number": "+233248352555",
            "notes": ""
        }
    },
    {
        "model": "order.shippingaddress",
        "pk": 2,
        "fields": {
            "title": "Mr",
            "first_name": "Michael",
            "last_name": "Mensah",
            "line1": "NT #9 Blk D Brosankro",
            "line2": "",
            "line3": "",
            "line4": "Bechem",
            "state": "Ahafo",
            "postcode": "233",
            "country": "GH",
            "search_text": "Michael Mensah NT #9 Blk D Brosankro Bechem Ahafo 233 Republic of Ghana",
            "phone_number": "+233248352555",
            "notes": ""
        }
    },
    {
        "model": "order.shippingaddress",
        "pk": 3,
        "fields": {
            "title": "Mr",
            "first_name": "Michael",
            "last_name": "Mensah",
            "line1": "NT #9 Blk D Brosankro",
            "line2": "",
            "line3": "",
            "line4": "Bechem",
            "state": "Ahafo",
            "postcode": "233",
            "country": "GH",
            "search_text": "Michael Mensah NT #9 Blk D Brosankro Bechem Ahafo 233 Republic of Ghana",
            "phone_number": "+233248352555",
            "notes": ""
        }
    },
    {
        "model": "order.line",
        "pk": 1,
        "fields": {
            "order": 1,
            "partner": 1,
            "partner_name": "Jonah",
            "partner_sku": "10001",
            "partner_line_reference": "",
            "partner_line_notes": "",
            "stockrecord": 1,
            "product": 2,
            "title": "Ladies Hand Bag",
            "upc": "",
            "quantity": 1,
            "line_price_incl_tax": "45.00",
            "line_price_excl_tax": "45.00",
            "line_price_before_discounts_incl_tax": "45.00",
            "line_price_before_discounts_excl_tax": "45.00",
            "unit_price_incl_tax": "45.00",
            "unit_price_excl_tax": "45.00",
            "status": ""
        }
    },
    {
        "model": "order.line",
        "pk": 2,
        "fields": {
            "order": 2,
            "partner": 1,
            "partner_name": "Jonah",
            "partner_sku": "10001",
            "partner_line_reference": "",
            "partner_line_notes": "",
            "stockrecord": 1,
            "product": 2,
            "title": "Ladies Hand Bag",
            "upc": "",
            "quantity": 1,
            "line_price_incl_tax": "45.00",
            "line_price_excl_tax": "45.00",
            "line_price_before_discounts_incl_tax": "45.00",
            "line_price_before_discounts_excl_tax": "45.00",
            "unit_price_incl_tax": "45.00",
            "unit_price_excl_tax": "45.00",
            "status": ""
        }
    },
    {
        "model": "order.line",
        "pk": 3,
        "fields": {
            "order": 3,
            "partner": 1,
            "partner_name": "Jonah",
            "partner_sku": "10001",
            "partner_line_reference": "",
            "partner_line_notes": "",
            "stockrecord": 1,
            "product": 2,
            "title": "Ladies Hand Bag",
            "upc": "",
            "quantity": 1,
            "line_price_incl_tax": "45.00",
            "line_price_excl_tax": "45.00",
            "line_price_before_discounts_incl_tax": "45.00",
            "line_price_before_discounts_excl_tax": "45.00",
            "unit_price_incl_tax": "45.00",
            "unit_price_excl_tax": "45.00",
            "status": "Pending"
        }
    },
    {
        "model": "order.lineprice",
        "pk": 1,
        "fields": {
            "order": 1,
            "line": 1,
            "quantity": 1,
            "price_incl_tax": "45.00",
            "price_excl_tax": "45.00",
            "shipping_incl_tax": "0.00",
            "shipping_excl_tax": "0.00"
        }
    },
    {
        "model": "order.lineprice",
        "pk": 2,
        "fields": {
            "order": 2,
            "line": 2,
            "quantity": 1,
            "price_incl_tax": "45.00",
            "price_excl_tax": "45.00",
            "shipping_incl_tax": "0.00",
            "shipping_excl_tax": "0.00"
        }
    },
    {
        "model": "order.lineprice",
        "pk": 3,
        "fields": {
            "order": 3,
            "line": 3,
            "quantity": 1,
            "price_incl_tax": "45.00",
            "price_excl_tax": "45.00",
            "shipping_incl_tax": "0.00",
            "shipping_excl_tax": "0.00"
        }
    },
    {
        "model": "thumbnail.kvstore",
        "pk": "sorl-thumbnail||image||07eef853cc0654503d30ee8fcd375ce3",
        "fields": {
            "value": "{\"name\": \"images/products/2022/04/IMG-20200605-WA0011.jpg\", \"storage\": \"django.core.files.storage.FileSystemStorage\", \"size\": [640, 640]}"
        }
    },
    {
        "model": "thumbnail.kvstore",
        "pk": "sorl-thumbnail||image||1122fa6009973096efa612f77f438b7a",
        "fields": {
            "value": "{\"name\": \"cache/f8/9f/f89faf1d0eb29654061a0a72292ecd04.jpg\", \"storage\": \"django.core.files.storage.FileSystemStorage\", \"size\": [70, 70]}"
        }
    },
    {
        "model": "thumbnail.kvstore",
        "pk": "sorl-thumbnail||image||1274e8ac44282ae9ad0ea4df9783b72b",
        "fields": {
            "value": "{\"name\": \"cache/ef/63/ef637480f65e661bc95f70379002a8ee.jpg\", \"storage\": \"django.core.files.storage.FileSystemStorage\", \"size\": [65, 55]}"
        }
    },
    {
        "model": "thumbnail.kvstore",
        "pk": "sorl-thumbnail||image||12d5b9453a7258348c98ea3a35c6b409",
        "fields": {
            "value": "{\"name\": \"cache/6e/09/6e0902ee5eff1d5e8f4fa48e224586c9.jpg\", \"storage\": \"django.core.files.storage.FileSystemStorage\", \"size\": [200, 171]}"
        }
    },
    {
        "model": "thumbnail.kvstore",
        "pk": "sorl-thumbnail||image||13d929889856f65f4515e53ec1ccc737",
        "fields": {
            "value": "{\"name\": \"cache/0d/01/0d01f1832dbaae4cb3cf9e3c3c6c7ab5.jpg\", \"storage\": \"django.core.files.storage.FileSystemStorage\", \"size\": [200, 200]}"
        }
    },
    {
        "model": "thumbnail.kvstore",
        "pk": "sorl-thumbnail||image||143978d4edb291f1fdc655967e7f008e",
        "fields": {
            "value": "{\"name\": \"cache/26/4d/264d6125a6f080e6149ef94b852b2ada.jpg\", \"storage\": \"django.core.files.storage.FileSystemStorage\", \"size\": [440, 375]}"
        }
    },
    {
        "model": "thumbnail.kvstore",
        "pk": "sorl-thumbnail||image||16b9380857b3f5106ba75aaad2963f8e",
        "fields": {
            "value": "{\"name\": \"images/products/2022/04/IMG_1191.PNG\", \"storage\": \"django.core.files.storage.FileSystemStorage\", \"size\": [1242, 1242]}"
        }
    },
    {
        "model": "thumbnail.kvstore",
        "pk": "sorl-thumbnail||image||2852a288128dde3f8374d082b970bdc3",
        "fields": {
            "value": "{\"name\": \"cache/ee/fd/eefd67d60537f10fe850e5b43c6a7689.jpg\", \"storage\": \"django.core.files.storage.FileSystemStorage\", \"size\": [70, 70]}"
        }
    },
    {
        "model": "thumbnail.kvstore",
        "pk": "sorl-thumbnail||image||292b58d58a3ba0bb034c6c7f9c5eb004",
        "fields": {
            "value": "{\"name\": \"images/products/2022/04/IMG_1150.PNG\", \"storage\": \"django.core.files.storage.FileSystemStorage\", \"size\": [1242, 1242]}"
        }
    },
    {
        "model": "thumbnail.kvstore",
        "pk": "sorl-thumbnail||image||2ac8f00c6132b1cae5c791d89b80b51f",
        "fields": {
            "value": "{\"name\": \"cache/bd/73/bd7374cec396a41416c0c062f1d6b58f.jpg\", \"storage\": \"django.core.files.storage.FileSystemStorage\", \"size\": [400, 400]}"
        }
    },
    {
        "model": "thumbnail.kvstore",
        "pk": "sorl-thumbnail||image||333d9bc5d06398a67bb04eb910e0936c",
        "fields": {
            "value": "{\"name\": \"image_not_found.jpg\", \"storage\": \"django.core.files.storage.FileSystemStorage\", \"size\": [400, 300]}"
        }
    },
    {
        "model": "thumbnail.kvstore",
        "pk": "sorl-thumbnail||image||37057cb27fd4d4db668349e70d1fec33",
        "fields": {
            "value": "{\"name\": \"cache/f7/c1/f7c12b20a12ba528638642a016f78640.jpg\", \"storage\": \"django.core.files.storage.FileSystemStorage\", \"size\": [200, 200]}"
        }
    },
    {
        "model": "thumbnail.kvstore",
        "pk": "sorl-thumbnail||image||376c95b44589d99ef81b40f04d9a6d34",
        "fields": {
            "value": "{\"name\": \"cache/7e/95/7e958dfe6feca18316b75dbcb1a82d7e.jpg\", \"storage\": \"django.core.files.storage.FileSystemStorage\", \"size\": [400, 400]}"
        }
    },
    {
        "model": "thumbnail.kvstore",
        "pk": "sorl-thumbnail||image||3891ddb435f116b3e49f819374d6818e",
        "fields": {
            "value": "{\"name\": \"cache/3e/1d/3e1dce8d2605e994167d739fcaf81766.jpg\", \"storage\": \"django.core.files.storage.FileSystemStorage\", \"size\": [155, 155]}"
        }
    },
    {
        "model": "thumbnail.kvstore",
        "pk": "sorl-thumbnail||image||3d400195a046a6d990e0255d197c6a05",
        "fields": {
            "value": "{\"name\": \"cache/8f/9c/8f9cb708b7e1e6ed0c875de0d75dcf94.jpg\", \"storage\": \"django.core.files.storage.FileSystemStorage\", \"size\": [70, 60]}"
        }
    },
    {
        "model": "thumbnail.kvstore",
        "pk": "sorl-thumbnail||image||3ec9c061551ad19756fe4ba8299eeb12",
        "fields": {
            "value": "{\"name\": \"cache/6e/f6/6ef669583f0a2e4095c625dbbb680902.jpg\", \"storage\": \"django.core.files.storage.FileSystemStorage\", \"size\": [200, 200]}"
        }
    },
    {
        "model": "thumbnail.kvstore",
        "pk": "sorl-thumbnail||image||41941e723dad57d4f92275b55988859b",
        "fields": {
            "value": "{\"name\": \"cache/e4/ca/e4caae25787e7546b54cd5d87e4ce968.jpg\", \"storage\": \"django.core.files.storage.FileSystemStorage\", \"size\": [70, 70]}"
        }
    },
    {
        "model": "thumbnail.kvstore",
        "pk": "sorl-thumbnail||image||44a8c09ed8968f37a95f093c27215b7b",
        "fields": {
            "value": "{\"name\": \"cache/1a/0d/1a0de633a3ac3edb48e02dc55889141d.jpg\", \"storage\": \"django.core.files.storage.FileSystemStorage\", \"size\": [182, 155]}"
        }
    },
    {
        "model": "thumbnail.kvstore",
        "pk": "sorl-thumbnail||image||4c139618caac092dbc12fb874ca75e37",
        "fields": {
            "value": "{\"name\": \"images/products/2022/04/IMG_1173.PNG\", \"storage\": \"django.core.files.storage.FileSystemStorage\", \"size\": [1121, 1121]}"
        }
    },
    {
        "model": "thumbnail.kvstore",
        "pk": "sorl-thumbnail||image||50130074ed8e229781f74b71dee86d41",
        "fields": {
            "value": "{\"name\": \"images/products/2022/04/IMG_1151.PNG\", \"storage\": \"django.core.files.storage.FileSystemStorage\", \"size\": [1242, 1242]}"
        }
    },
    {
        "model": "thumbnail.kvstore",
        "pk": "sorl-thumbnail||image||52f1efbf8218b967fb722c0a4db9a838",
        "fields": {
            "value": "{\"name\": \"images/products/2022/04/HEICtoJPG.jpg\", \"storage\": \"django.core.files.storage.FileSystemStorage\", \"size\": [749, 639]}"
        }
    },
    {
        "model": "thumbnail.kvstore",
        "pk": "sorl-thumbnail||image||565be86ff0ed92ddce5e27406c829ca2",
        "fields": {
            "value": "{\"name\": \"images/products/2022/04/IMG_1145.PNG\", \"storage\": \"django.core.files.storage.FileSystemStorage\", \"size\": [1242, 1242]}"
        }
    },
    {
        "model": "thumbnail.kvstore",
        "pk": "sorl-thumbnail||image||6483006762d4a2d2e78d8c607d8976f6",
        "fields": {
            "value": "{\"name\": \"images/products/2022/04/IMG-20200605-WA0012.jpg\", \"storage\": \"django.core.files.storage.FileSystemStorage\", \"size\": [1024, 1024]}"
        }
    },
    {
        "model": "thumbnail.kvstore",
        "pk": "sorl-thumbnail||image||6fb2bea1327dc6f344947079ddf9927a",
        "fields": {
            "value": "{\"name\": \"cache/f9/41/f9414880a9f81ce9ad9b87222740d599.jpg\", \"storage\": \"django.core.files.storage.FileSystemStorage\", \"size\": [200, 200]}"
        }
    },
    {
        "model": "thumbnail.kvstore",
        "pk": "sorl-thumbnail||image||7c577027ad2ebbac5516a77750a3e0e2",
        "fields": {
            "value": "{\"name\": \"cache/5e/2d/5e2d2200cc24a89ba4849d54280e1353.jpg\", \"storage\": \"django.core.files.storage.FileSystemStorage\", \"size\": [155, 155]}"
        }
    },
    {
        "model": "thumbnail.kvstore",
        "pk": "sorl-thumbnail||image||7ef2a0518f0fb6c10840af384a030769",
        "fields": {
            "value": "{\"name\": \"images/products/2022/04/IMG_1168.PNG\", \"storage\": \"django.core.files.storage.FileSystemStorage\", \"size\": [814, 814]}"
        }
    },
    {
        "model": "thumbnail.kvstore",
        "pk": "sorl-thumbnail||image||82356972001d844d18f37043c3b559f2",
        "fields": {
            "value": "{\"name\": \"cache/55/6f/556fa774555f702bb504c2731e994bb7.jpg\", \"storage\": \"django.core.files.storage.FileSystemStorage\", \"size\": [70, 70]}"
        }
    },
    {
        "model": "thumbnail.kvstore",
        "pk": "sorl-thumbnail||image||82d86649c337485d7ce16762750e524c",
        "fields": {
            "value": "{\"name\": \"cache/ee/d6/eed6bcfd8732ca981f2d25a20233226c.jpg\", \"storage\": \"django.core.files.storage.FileSystemStorage\", \"size\": [207, 155]}"
        }
    },
    {
        "model": "thumbnail.kvstore",
        "pk": "sorl-thumbnail||image||89923ecbbd413ccfc8d42e42d2118682",
        "fields": {
            "value": "{\"name\": \"cache/ea/45/ea459be60a8a4b4488c4ba96d019aeea.jpg\", \"storage\": \"django.core.files.storage.FileSystemStorage\", \"size\": [400, 400]}"
        }
    },
    {
        "model": "thumbnail.kvstore",
        "pk": "sorl-thumbnail||image||8c49628853bc32a76a137c9ee14e9593",
        "fields": {
            "value": "{\"name\": \"cache/59/d3/59d3d8c74e03cbba3aed4051c18d6a8c.jpg\", \"storage\": \"django.core.files.storage.FileSystemStorage\", \"size\": [400, 300]}"
        }
    },
    {
        "model": "thumbnail.kvstore",
        "pk": "sorl-thumbnail||image||92b16c1d0618ffb46226c3b7e421f416",
        "fields": {
            "value": "{\"name\": \"cache/e5/9b/e59be650985d44849f0485e0c6ab9627.jpg\", \"storage\": \"django.core.files.storage.FileSystemStorage\", \"size\": [65, 55]}"
        }
    },
    {
        "model": "thumbnail.kvstore",
        "pk": "sorl-thumbnail||image||93bf35a12304ca1be94584bf2d7b92e6",
        "fields": {
            "value": "{\"name\": \"cache/03/95/03953e5f42f27210e6af40a2f7fddbba.jpg\", \"storage\": \"django.core.files.storage.FileSystemStorage\", \"size\": [100, 85]}"
        }
    },
    {
        "model": "thumbnail.kvstore",
        "pk": "sorl-thumbnail||image||9561ebcc2dc27820dfc8369e7b9e6259",
        "fields": {
            "value": "{\"name\": \"cache/0c/7e/0c7ea7ba78e90deb6922555c571c5500.jpg\", \"storage\": \"django.core.files.storage.FileSystemStorage\", \"size\": [400, 400]}"
        }
    },
    {
        "model": "thumbnail.kvstore",
        "pk": "sorl-thumbnail||image||9ac5d684b568db1f77c8f2155e18936e",
        "fields": {
            "value": "{\"name\": \"cache/c9/2f/c92f5329a204f2232e69594b1423b9c6.jpg\", \"storage\": \"django.core.files.storage.FileSystemStorage\", \"size\": [200, 200]}"
        }
    },
    {
        "model": "thumbnail.kvstore",
        "pk": "sorl-thumbnail||image||a1c3a9acfb338e0a705a2d682d2507b3",
        "fields": {
            "value": "{\"name\": \"cache/12/cb/12cbe7792e3e0d8b0fcae1907321d129.jpg\", \"storage\": \"django.core.files.storage.FileSystemStorage\", \"size\": [155, 155]}"
        }
    },
    {
        "model": "thumbnail.kvstore",
        "pk": "sorl-thumbnail||image||a32fe390b01c9396c1151719379c75c1",
        "fields": {
            "value": "{\"name\": \"cache/86/73/8673c3a25ca5d27d18ecbe71bb7d43b9.jpg\", \"storage\": \"django.core.files.storage.FileSystemStorage\", \"size\": [70, 70]}"
        }
    },
    {
        "model": "thumbnail.kvstore",
        "pk": "sorl-thumbnail||image||ad2219ea0d8c7acb6a432eaa8240fc88",
        "fields": {
            "value": "{\"name\": \"cache/79/fe/79fed31ea761a11d0d0833de5ab44a8b.jpg\", \"storage\": \"django.core.files.storage.FileSystemStorage\", \"size\": [70, 70]}"
        }
    },
    {
        "model": "thumbnail.kvstore",
        "pk": "sorl-thumbnail||image||b820a0fa967ce722a638e8412d45f234",
        "fields": {
            "value": "{\"name\": \"cache/15/dc/15dcb3843121b7186b8ce9d0692a9cd8.jpg\", \"storage\": \"django.core.files.storage.FileSystemStorage\", \"size\": [200, 200]}"
        }
    },
    {
        "model": "thumbnail.kvstore",
        "pk": "sorl-thumbnail||image||beb602ef20bce27370763b4a5ef3440e",
        "fields": {
            "value": "{\"name\": \"cache/83/f5/83f5b4830b02e51434491c6fa0404ce9.jpg\", \"storage\": \"django.core.files.storage.FileSystemStorage\", \"size\": [155, 155]}"
        }
    },
    {
        "model": "thumbnail.kvstore",
        "pk": "sorl-thumbnail||image||c3b220ce9209ab431be7fc943da5c247",
        "fields": {
            "value": "{\"name\": \"cache/48/6c/486c2b2aa33663a73edbc23ff8412680.jpg\", \"storage\": \"django.core.files.storage.FileSystemStorage\", \"size\": [155, 155]}"
        }
    },
    {
        "model": "thumbnail.kvstore",
        "pk": "sorl-thumbnail||image||c4d2abbe787bc3ea9721abfc7666b99d",
        "fields": {
            "value": "{\"name\": \"cache/0f/8c/0f8c9075c10e6fab9f1c703da504c0a9.jpg\", \"storage\": \"django.core.files.storage.FileSystemStorage\", \"size\": [70, 70]}"
        }
    },
    {
        "model": "thumbnail.kvstore",
        "pk": "sorl-thumbnail||image||caab12dd871f95aa055b8c37e44db623",
        "fields": {
            "value": "{\"name\": \"cache/ac/f9/acf907ae06a90e43a2f212790146ea1e.jpg\", \"storage\": \"django.core.files.storage.FileSystemStorage\", \"size\": [200, 200]}"
        }
    },
    {
        "model": "thumbnail.kvstore",
        "pk": "sorl-thumbnail||image||d2ac4439156853f40e1161c2d8969ca2",
        "fields": {
            "value": "{\"name\": \"cache/9c/45/9c4523960f07feabb19f70aff5b59e30.jpg\", \"storage\": \"django.core.files.storage.FileSystemStorage\", \"size\": [155, 155]}"
        }
    },
    {
        "model": "thumbnail.kvstore",
        "pk": "sorl-thumbnail||image||db6084e0c21deb6477bf6df3361a95ab",
        "fields": {
            "value": "{\"name\": \"cache/ae/a7/aea7467b20b2a5cfc90a4927da0d2817.jpg\", \"storage\": \"django.core.files.storage.FileSystemStorage\", \"size\": [200, 171]}"
        }
    },
    {
        "model": "thumbnail.kvstore",
        "pk": "sorl-thumbnail||image||e23a05b939967740c1650a6632fb3cf8",
        "fields": {
            "value": "{\"name\": \"images/products/2022/04/IMG_1146.PNG\", \"storage\": \"django.core.files.storage.FileSystemStorage\", \"size\": [1242, 1242]}"
        }
    },
    {
        "model": "thumbnail.kvstore",
        "pk": "sorl-thumbnail||image||e4cae4741eec8d8bb31bee245ec468d8",
        "fields": {
            "value": "{\"name\": \"cache/08/a3/08a387465ce38c18a5022a830ec57534.jpg\", \"storage\": \"django.core.files.storage.FileSystemStorage\", \"size\": [200, 200]}"
        }
    },
    {
        "model": "thumbnail.kvstore",
        "pk": "sorl-thumbnail||image||fe8ae6bac5a2fd27b1036c4d889f6683",
        "fields": {
            "value": "{\"name\": \"cache/7e/90/7e909b955e2d01f6cd45e0fa631d1031.jpg\", \"storage\": \"django.core.files.storage.FileSystemStorage\", \"size\": [155, 155]}"
        }
    },
    {
        "model": "thumbnail.kvstore",
        "pk": "sorl-thumbnail||image||fee811a5ff65821f6c486ed5cda45bda",
        "fields": {
            "value": "{\"name\": \"cache/24/fe/24fe1730cd43b31973747603218629e2.jpg\", \"storage\": \"django.core.files.storage.FileSystemStorage\", \"size\": [200, 200]}"
        }
    },
    {
        "model": "thumbnail.kvstore",
        "pk": "sorl-thumbnail||image||ffe5c4066d14e5d8077fe6f7f97bcc20",
        "fields": {
            "value": "{\"name\": \"cache/cf/d0/cfd0cb455db3d3c8b672261753a3ff07.jpg\", \"storage\": \"django.core.files.storage.FileSystemStorage\", \"size\": [200, 200]}"
        }
    },
    {
        "model": "thumbnail.kvstore",
        "pk": "sorl-thumbnail||thumbnails||07eef853cc0654503d30ee8fcd375ce3",
        "fields": {
            "value": "[\"13d929889856f65f4515e53ec1ccc737\", \"2ac8f00c6132b1cae5c791d89b80b51f\"]"
        }
    },
    {
        "model": "thumbnail.kvstore",
        "pk": "sorl-thumbnail||thumbnails||16b9380857b3f5106ba75aaad2963f8e",
        "fields": {
            "value": "[\"a1c3a9acfb338e0a705a2d682d2507b3\", \"3ec9c061551ad19756fe4ba8299eeb12\", \"2852a288128dde3f8374d082b970bdc3\"]"
        }
    },
    {
        "model": "thumbnail.kvstore",
        "pk": "sorl-thumbnail||thumbnails||292b58d58a3ba0bb034c6c7f9c5eb004",
        "fields": {
            "value": "[\"1274e8ac44282ae9ad0ea4df9783b72b\", \"89923ecbbd413ccfc8d42e42d2118682\", \"c4d2abbe787bc3ea9721abfc7666b99d\", \"c3b220ce9209ab431be7fc943da5c247\", \"ffe5c4066d14e5d8077fe6f7f97bcc20\"]"
        }
    },
    {
        "model": "thumbnail.kvstore",
        "pk": "sorl-thumbnail||thumbnails||333d9bc5d06398a67bb04eb910e0936c",
        "fields": {
            "value": "[\"8c49628853bc32a76a137c9ee14e9593\", \"82d86649c337485d7ce16762750e524c\"]"
        }
    },
    {
        "model": "thumbnail.kvstore",
        "pk": "sorl-thumbnail||thumbnails||4c139618caac092dbc12fb874ca75e37",
        "fields": {
            "value": "[\"82356972001d844d18f37043c3b559f2\", \"fee811a5ff65821f6c486ed5cda45bda\", \"d2ac4439156853f40e1161c2d8969ca2\"]"
        }
    },
    {
        "model": "thumbnail.kvstore",
        "pk": "sorl-thumbnail||thumbnails||50130074ed8e229781f74b71dee86d41",
        "fields": {
            "value": "[\"3891ddb435f116b3e49f819374d6818e\", \"41941e723dad57d4f92275b55988859b\", \"e4cae4741eec8d8bb31bee245ec468d8\"]"
        }
    },
    {
        "model": "thumbnail.kvstore",
        "pk": "sorl-thumbnail||thumbnails||52f1efbf8218b967fb722c0a4db9a838",
        "fields": {
            "value": "[\"44a8c09ed8968f37a95f093c27215b7b\", \"143978d4edb291f1fdc655967e7f008e\", \"93bf35a12304ca1be94584bf2d7b92e6\", \"db6084e0c21deb6477bf6df3361a95ab\", \"3d400195a046a6d990e0255d197c6a05\", \"12d5b9453a7258348c98ea3a35c6b409\"]"
        }
    },
    {
        "model": "thumbnail.kvstore",
        "pk": "sorl-thumbnail||thumbnails||565be86ff0ed92ddce5e27406c829ca2",
        "fields": {
            "value": "[\"fe8ae6bac5a2fd27b1036c4d889f6683\", \"37057cb27fd4d4db668349e70d1fec33\", \"9ac5d684b568db1f77c8f2155e18936e\", \"a32fe390b01c9396c1151719379c75c1\"]"
        }
    },
    {
        "model": "thumbnail.kvstore",
        "pk": "sorl-thumbnail||thumbnails||6483006762d4a2d2e78d8c607d8976f6",
        "fields": {
            "value": "[\"9561ebcc2dc27820dfc8369e7b9e6259\", \"b820a0fa967ce722a638e8412d45f234\", \"caab12dd871f95aa055b8c37e44db623\", \"ad2219ea0d8c7acb6a432eaa8240fc88\", \"7c577027ad2ebbac5516a77750a3e0e2\"]"
        }
    },
    {
        "model": "thumbnail.kvstore",
        "pk": "sorl-thumbnail||thumbnails||7ef2a0518f0fb6c10840af384a030769",
        "fields": {
            "value": "[\"1122fa6009973096efa612f77f438b7a\", \"beb602ef20bce27370763b4a5ef3440e\", \"6fb2bea1327dc6f344947079ddf9927a\"]"
        }
    },
    {
        "model": "thumbnail.kvstore",
        "pk": "sorl-thumbnail||thumbnails||e23a05b939967740c1650a6632fb3cf8",
        "fields": {
            "value": "[\"92b16c1d0618ffb46226c3b7e421f416\", \"376c95b44589d99ef81b40f04d9a6d34\"]"
        }
    }
]