[{"model": "userapi.user", "pk": 1, "fields": {"password": "pbkdf2_sha256$260000$UxkzmITbBGklTQy6lANs1m$ApqPEN0IydkLzqKldFcYrmy5ZwMuJXnb4Y9+mRRklik=", "last_login": "2022-05-07T16:18:30.064Z", "is_superuser": true, "email": "mykejnr4@gmail.com", "first_name": "", "last_name": "", "is_staff": true, "is_active": true, "date_joined": "2022-05-07T16:17:15.359Z", "groups": [], "user_permissions": []}}, {"model": "auth.permission", "pk": 1, "fields": {"name": "Can add user", "content_type": 1, "codename": "add_user"}}, {"model": "auth.permission", "pk": 2, "fields": {"name": "Can change user", "content_type": 1, "codename": "change_user"}}, {"model": "auth.permission", "pk": 3, "fields": {"name": "Can delete user", "content_type": 1, "codename": "delete_user"}}, {"model": "auth.permission", "pk": 4, "fields": {"name": "Can view user", "content_type": 1, "codename": "view_user"}}, {"model": "auth.permission", "pk": 5, "fields": {"name": "Can add log entry", "content_type": 2, "codename": "add_logentry"}}, {"model": "auth.permission", "pk": 6, "fields": {"name": "Can change log entry", "content_type": 2, "codename": "change_logentry"}}, {"model": "auth.permission", "pk": 7, "fields": {"name": "Can delete log entry", "content_type": 2, "codename": "delete_logentry"}}, {"model": "auth.permission", "pk": 8, "fields": {"name": "Can view log entry", "content_type": 2, "codename": "view_logentry"}}, {"model": "auth.permission", "pk": 9, "fields": {"name": "Can add permission", "content_type": 3, "codename": "add_permission"}}, {"model": "auth.permission", "pk": 10, "fields": {"name": "Can change permission", "content_type": 3, "codename": "change_permission"}}, {"model": "auth.permission", "pk": 11, "fields": {"name": "Can delete permission", "content_type": 3, "codename": "delete_permission"}}, {"model": "auth.permission", "pk": 12, "fields": {"name": "Can view permission", "content_type": 3, "codename": "view_permission"}}, {"model": "auth.permission", "pk": 13, "fields": {"name": "Can add group", "content_type": 4, "codename": "add_group"}}, {"model": "auth.permission", "pk": 14, "fields": {"name": "Can change group", "content_type": 4, "codename": "change_group"}}, {"model": "auth.permission", "pk": 15, "fields": {"name": "Can delete group", "content_type": 4, "codename": "delete_group"}}, {"model": "auth.permission", "pk": 16, "fields": {"name": "Can view group", "content_type": 4, "codename": "view_group"}}, {"model": "auth.permission", "pk": 17, "fields": {"name": "Can add content type", "content_type": 5, "codename": "add_contenttype"}}, {"model": "auth.permission", "pk": 18, "fields": {"name": "Can change content type", "content_type": 5, "codename": "change_contenttype"}}, {"model": "auth.permission", "pk": 19, "fields": {"name": "Can delete content type", "content_type": 5, "codename": "delete_contenttype"}}, {"model": "auth.permission", "pk": 20, "fields": {"name": "Can view content type", "content_type": 5, "codename": "view_contenttype"}}, {"model": "auth.permission", "pk": 21, "fields": {"name": "Can add session", "content_type": 6, "codename": "add_session"}}, {"model": "auth.permission", "pk": 22, "fields": {"name": "Can change session", "content_type": 6, "codename": "change_session"}}, {"model": "auth.permission", "pk": 23, "fields": {"name": "Can delete session", "content_type": 6, "codename": "delete_session"}}, {"model": "auth.permission", "pk": 24, "fields": {"name": "Can view session", "content_type": 6, "codename": "view_session"}}, {"model": "auth.permission", "pk": 25, "fields": {"name": "Can add site", "content_type": 7, "codename": "add_site"}}, {"model": "auth.permission", "pk": 26, "fields": {"name": "Can change site", "content_type": 7, "codename": "change_site"}}, {"model": "auth.permission", "pk": 27, "fields": {"name": "Can delete site", "content_type": 7, "codename": "delete_site"}}, {"model": "auth.permission", "pk": 28, "fields": {"name": "Can view site", "content_type": 7, "codename": "view_site"}}, {"model": "auth.permission", "pk": 29, "fields": {"name": "Can add flat page", "content_type": 8, "codename": "add_flatpage"}}, {"model": "auth.permission", "pk": 30, "fields": {"name": "Can change flat page", "content_type": 8, "codename": "change_flatpage"}}, {"model": "auth.permission", "pk": 31, "fields": {"name": "Can delete flat page", "content_type": 8, "codename": "delete_flatpage"}}, {"model": "auth.permission", "pk": 32, "fields": {"name": "Can view flat page", "content_type": 8, "codename": "view_flatpage"}}, {"model": "auth.permission", "pk": 33, "fields": {"name": "Can add Product record", "content_type": 9, "codename": "add_productrecord"}}, {"model": "auth.permission", "pk": 34, "fields": {"name": "Can change Product record", "content_type": 9, "codename": "change_productrecord"}}, {"model": "auth.permission", "pk": 35, "fields": {"name": "Can delete Product record", "content_type": 9, "codename": "delete_productrecord"}}, {"model": "auth.permission", "pk": 36, "fields": {"name": "Can view Product record", "content_type": 9, "codename": "view_productrecord"}}, {"model": "auth.permission", "pk": 37, "fields": {"name": "Can add User product view", "content_type": 10, "codename": "add_userproductview"}}, {"model": "auth.permission", "pk": 38, "fields": {"name": "Can change User product view", "content_type": 10, "codename": "change_userproductview"}}, {"model": "auth.permission", "pk": 39, "fields": {"name": "Can delete User product view", "content_type": 10, "codename": "delete_userproductview"}}, {"model": "auth.permission", "pk": 40, "fields": {"name": "Can view User product view", "content_type": 10, "codename": "view_userproductview"}}, {"model": "auth.permission", "pk": 41, "fields": {"name": "Can add User record", "content_type": 11, "codename": "add_userrecord"}}, {"model": "auth.permission", "pk": 42, "fields": {"name": "Can change User record", "content_type": 11, "codename": "change_userrecord"}}, {"model": "auth.permission", "pk": 43, "fields": {"name": "Can delete User record", "content_type": 11, "codename": "delete_userrecord"}}, {"model": "auth.permission", "pk": 44, "fields": {"name": "Can view User record", "content_type": 11, "codename": "view_userrecord"}}, {"model": "auth.permission", "pk": 45, "fields": {"name": "Can add User search query", "content_type": 12, "codename": "add_usersearch"}}, {"model": "auth.permission", "pk": 46, "fields": {"name": "Can change User search query", "content_type": 12, "codename": "change_usersearch"}}, {"model": "auth.permission", "pk": 47, "fields": {"name": "Can delete User search query", "content_type": 12, "codename": "delete_usersearch"}}, {"model": "auth.permission", "pk": 48, "fields": {"name": "Can view User search query", "content_type": 12, "codename": "view_usersearch"}}, {"model": "auth.permission", "pk": 49, "fields": {"name": "Can add Country", "content_type": 13, "codename": "add_country"}}, {"model": "auth.permission", "pk": 50, "fields": {"name": "Can change Country", "content_type": 13, "codename": "change_country"}}, {"model": "auth.permission", "pk": 51, "fields": {"name": "Can delete Country", "content_type": 13, "codename": "delete_country"}}, {"model": "auth.permission", "pk": 52, "fields": {"name": "Can view Country", "content_type": 13, "codename": "view_country"}}, {"model": "auth.permission", "pk": 53, "fields": {"name": "Can add User address", "content_type": 14, "codename": "add_useraddress"}}, {"model": "auth.permission", "pk": 54, "fields": {"name": "Can change User address", "content_type": 14, "codename": "change_useraddress"}}, {"model": "auth.permission", "pk": 55, "fields": {"name": "Can delete User address", "content_type": 14, "codename": "delete_useraddress"}}, {"model": "auth.permission", "pk": 56, "fields": {"name": "Can view User address", "content_type": 14, "codename": "view_useraddress"}}, {"model": "auth.permission", "pk": 57, "fields": {"name": "Can add Order and Item Charge", "content_type": 15, "codename": "add_orderanditemcharges"}}, {"model": "auth.permission", "pk": 58, "fields": {"name": "Can change Order and Item Charge", "content_type": 15, "codename": "change_orderanditemcharges"}}, {"model": "auth.permission", "pk": 59, "fields": {"name": "Can delete Order and Item Charge", "content_type": 15, "codename": "delete_orderanditemcharges"}}, {"model": "auth.permission", "pk": 60, "fields": {"name": "Can view Order and Item Charge", "content_type": 15, "codename": "view_orderanditemcharges"}}, {"model": "auth.permission", "pk": 61, "fields": {"name": "Can add Weight Band", "content_type": 16, "codename": "add_weightband"}}, {"model": "auth.permission", "pk": 62, "fields": {"name": "Can change Weight Band", "content_type": 16, "codename": "change_weightband"}}, {"model": "auth.permission", "pk": 63, "fields": {"name": "Can delete Weight Band", "content_type": 16, "codename": "delete_weightband"}}, {"model": "auth.permission", "pk": 64, "fields": {"name": "Can view Weight Band", "content_type": 16, "codename": "view_weightband"}}, {"model": "auth.permission", "pk": 65, "fields": {"name": "Can add Weight-based Shipping Method", "content_type": 17, "codename": "add_weightbased"}}, {"model": "auth.permission", "pk": 66, "fields": {"name": "Can change Weight-based Shipping Method", "content_type": 17, "codename": "change_weightbased"}}, {"model": "auth.permission", "pk": 67, "fields": {"name": "Can delete Weight-based Shipping Method", "content_type": 17, "codename": "delete_weightbased"}}, {"model": "auth.permission", "pk": 68, "fields": {"name": "Can view Weight-based Shipping Method", "content_type": 17, "codename": "view_weightbased"}}, {"model": "auth.permission", "pk": 69, "fields": {"name": "Can add Attribute option", "content_type": 18, "codename": "add_attributeoption"}}, {"model": "auth.permission", "pk": 70, "fields": {"name": "Can change Attribute option", "content_type": 18, "codename": "change_attributeoption"}}, {"model": "auth.permission", "pk": 71, "fields": {"name": "Can delete Attribute option", "content_type": 18, "codename": "delete_attributeoption"}}, {"model": "auth.permission", "pk": 72, "fields": {"name": "Can view Attribute option", "content_type": 18, "codename": "view_attributeoption"}}, {"model": "auth.permission", "pk": 73, "fields": {"name": "Can add Attribute option group", "content_type": 19, "codename": "add_attributeoptiongroup"}}, {"model": "auth.permission", "pk": 74, "fields": {"name": "Can change Attribute option group", "content_type": 19, "codename": "change_attributeoptiongroup"}}, {"model": "auth.permission", "pk": 75, "fields": {"name": "Can delete Attribute option group", "content_type": 19, "codename": "delete_attributeoptiongroup"}}, {"model": "auth.permission", "pk": 76, "fields": {"name": "Can view Attribute option group", "content_type": 19, "codename": "view_attributeoptiongroup"}}, {"model": "auth.permission", "pk": 77, "fields": {"name": "Can add Category", "content_type": 20, "codename": "add_category"}}, {"model": "auth.permission", "pk": 78, "fields": {"name": "Can change Category", "content_type": 20, "codename": "change_category"}}, {"model": "auth.permission", "pk": 79, "fields": {"name": "Can delete Category", "content_type": 20, "codename": "delete_category"}}, {"model": "auth.permission", "pk": 80, "fields": {"name": "Can view Category", "content_type": 20, "codename": "view_category"}}, {"model": "auth.permission", "pk": 81, "fields": {"name": "Can add Option", "content_type": 21, "codename": "add_option"}}, {"model": "auth.permission", "pk": 82, "fields": {"name": "Can change Option", "content_type": 21, "codename": "change_option"}}, {"model": "auth.permission", "pk": 83, "fields": {"name": "Can delete Option", "content_type": 21, "codename": "delete_option"}}, {"model": "auth.permission", "pk": 84, "fields": {"name": "Can view Option", "content_type": 21, "codename": "view_option"}}, {"model": "auth.permission", "pk": 85, "fields": {"name": "Can add Product", "content_type": 22, "codename": "add_product"}}, {"model": "auth.permission", "pk": 86, "fields": {"name": "Can change Product", "content_type": 22, "codename": "change_product"}}, {"model": "auth.permission", "pk": 87, "fields": {"name": "Can delete Product", "content_type": 22, "codename": "delete_product"}}, {"model": "auth.permission", "pk": 88, "fields": {"name": "Can view Product", "content_type": 22, "codename": "view_product"}}, {"model": "auth.permission", "pk": 89, "fields": {"name": "Can add Product attribute", "content_type": 23, "codename": "add_productattribute"}}, {"model": "auth.permission", "pk": 90, "fields": {"name": "Can change Product attribute", "content_type": 23, "codename": "change_productattribute"}}, {"model": "auth.permission", "pk": 91, "fields": {"name": "Can delete Product attribute", "content_type": 23, "codename": "delete_productattribute"}}, {"model": "auth.permission", "pk": 92, "fields": {"name": "Can view Product attribute", "content_type": 23, "codename": "view_productattribute"}}, {"model": "auth.permission", "pk": 93, "fields": {"name": "Can add Product attribute value", "content_type": 24, "codename": "add_productattributevalue"}}, {"model": "auth.permission", "pk": 94, "fields": {"name": "Can change Product attribute value", "content_type": 24, "codename": "change_productattributevalue"}}, {"model": "auth.permission", "pk": 95, "fields": {"name": "Can delete Product attribute value", "content_type": 24, "codename": "delete_productattributevalue"}}, {"model": "auth.permission", "pk": 96, "fields": {"name": "Can view Product attribute value", "content_type": 24, "codename": "view_productattributevalue"}}, {"model": "auth.permission", "pk": 97, "fields": {"name": "Can add Product category", "content_type": 25, "codename": "add_productcategory"}}, {"model": "auth.permission", "pk": 98, "fields": {"name": "Can change Product category", "content_type": 25, "codename": "change_productcategory"}}, {"model": "auth.permission", "pk": 99, "fields": {"name": "Can delete Product category", "content_type": 25, "codename": "delete_productcategory"}}, {"model": "auth.permission", "pk": 100, "fields": {"name": "Can view Product category", "content_type": 25, "codename": "view_productcategory"}}, {"model": "auth.permission", "pk": 101, "fields": {"name": "Can add Product class", "content_type": 26, "codename": "add_productclass"}}, {"model": "auth.permission", "pk": 102, "fields": {"name": "Can change Product class", "content_type": 26, "codename": "change_productclass"}}, {"model": "auth.permission", "pk": 103, "fields": {"name": "Can delete Product class", "content_type": 26, "codename": "delete_productclass"}}, {"model": "auth.permission", "pk": 104, "fields": {"name": "Can view Product class", "content_type": 26, "codename": "view_productclass"}}, {"model": "auth.permission", "pk": 105, "fields": {"name": "Can add Product image", "content_type": 27, "codename": "add_productimage"}}, {"model": "auth.permission", "pk": 106, "fields": {"name": "Can change Product image", "content_type": 27, "codename": "change_productimage"}}, {"model": "auth.permission", "pk": 107, "fields": {"name": "Can delete Product image", "content_type": 27, "codename": "delete_productimage"}}, {"model": "auth.permission", "pk": 108, "fields": {"name": "Can view Product image", "content_type": 27, "codename": "view_productimage"}}, {"model": "auth.permission", "pk": 109, "fields": {"name": "Can add Product recommendation", "content_type": 28, "codename": "add_productrecommendation"}}, {"model": "auth.permission", "pk": 110, "fields": {"name": "Can change Product recommendation", "content_type": 28, "codename": "change_productrecommendation"}}, {"model": "auth.permission", "pk": 111, "fields": {"name": "Can delete Product recommendation", "content_type": 28, "codename": "delete_productrecommendation"}}, {"model": "auth.permission", "pk": 112, "fields": {"name": "Can view Product recommendation", "content_type": 28, "codename": "view_productrecommendation"}}, {"model": "auth.permission", "pk": 113, "fields": {"name": "Can add Product review", "content_type": 29, "codename": "add_productreview"}}, {"model": "auth.permission", "pk": 114, "fields": {"name": "Can change Product review", "content_type": 29, "codename": "change_productreview"}}, {"model": "auth.permission", "pk": 115, "fields": {"name": "Can delete Product review", "content_type": 29, "codename": "delete_productreview"}}, {"model": "auth.permission", "pk": 116, "fields": {"name": "Can view Product review", "content_type": 29, "codename": "view_productreview"}}, {"model": "auth.permission", "pk": 117, "fields": {"name": "Can add Vote", "content_type": 30, "codename": "add_vote"}}, {"model": "auth.permission", "pk": 118, "fields": {"name": "Can change Vote", "content_type": 30, "codename": "change_vote"}}, {"model": "auth.permission", "pk": 119, "fields": {"name": "Can delete Vote", "content_type": 30, "codename": "delete_vote"}}, {"model": "auth.permission", "pk": 120, "fields": {"name": "Can view Vote", "content_type": 30, "codename": "view_vote"}}, {"model": "auth.permission", "pk": 121, "fields": {"name": "Can add Communication event type", "content_type": 31, "codename": "add_communicationeventtype"}}, {"model": "auth.permission", "pk": 122, "fields": {"name": "Can change Communication event type", "content_type": 31, "codename": "change_communicationeventtype"}}, {"model": "auth.permission", "pk": 123, "fields": {"name": "Can delete Communication event type", "content_type": 31, "codename": "delete_communicationeventtype"}}, {"model": "auth.permission", "pk": 124, "fields": {"name": "Can view Communication event type", "content_type": 31, "codename": "view_communicationeventtype"}}, {"model": "auth.permission", "pk": 125, "fields": {"name": "Can add Email", "content_type": 32, "codename": "add_email"}}, {"model": "auth.permission", "pk": 126, "fields": {"name": "Can change Email", "content_type": 32, "codename": "change_email"}}, {"model": "auth.permission", "pk": 127, "fields": {"name": "Can delete Email", "content_type": 32, "codename": "delete_email"}}, {"model": "auth.permission", "pk": 128, "fields": {"name": "Can view Email", "content_type": 32, "codename": "view_email"}}, {"model": "auth.permission", "pk": 129, "fields": {"name": "Can add Notification", "content_type": 33, "codename": "add_notification"}}, {"model": "auth.permission", "pk": 130, "fields": {"name": "Can change Notification", "content_type": 33, "codename": "change_notification"}}, {"model": "auth.permission", "pk": 131, "fields": {"name": "Can delete Notification", "content_type": 33, "codename": "delete_notification"}}, {"model": "auth.permission", "pk": 132, "fields": {"name": "Can view Notification", "content_type": 33, "codename": "view_notification"}}, {"model": "auth.permission", "pk": 133, "fields": {"name": "Can add Fulfillment partner", "content_type": 34, "codename": "add_partner"}}, {"model": "auth.permission", "pk": 134, "fields": {"name": "Can change Fulfillment partner", "content_type": 34, "codename": "change_partner"}}, {"model": "auth.permission", "pk": 135, "fields": {"name": "Can delete Fulfillment partner", "content_type": 34, "codename": "delete_partner"}}, {"model": "auth.permission", "pk": 136, "fields": {"name": "Can view Fulfillment partner", "content_type": 34, "codename": "view_partner"}}, {"model": "auth.permission", "pk": 137, "fields": {"name": "Can access dashboard", "content_type": 34, "codename": "dashboard_access"}}, {"model": "auth.permission", "pk": 138, "fields": {"name": "Can add Partner address", "content_type": 35, "codename": "add_partneraddress"}}, {"model": "auth.permission", "pk": 139, "fields": {"name": "Can change Partner address", "content_type": 35, "codename": "change_partneraddress"}}, {"model": "auth.permission", "pk": 140, "fields": {"name": "Can delete Partner address", "content_type": 35, "codename": "delete_partneraddress"}}, {"model": "auth.permission", "pk": 141, "fields": {"name": "Can view Partner address", "content_type": 35, "codename": "view_partneraddress"}}, {"model": "auth.permission", "pk": 142, "fields": {"name": "Can add Stock alert", "content_type": 36, "codename": "add_stockalert"}}, {"model": "auth.permission", "pk": 143, "fields": {"name": "Can change Stock alert", "content_type": 36, "codename": "change_stockalert"}}, {"model": "auth.permission", "pk": 144, "fields": {"name": "Can delete Stock alert", "content_type": 36, "codename": "delete_stockalert"}}, {"model": "auth.permission", "pk": 145, "fields": {"name": "Can view Stock alert", "content_type": 36, "codename": "view_stockalert"}}, {"model": "auth.permission", "pk": 146, "fields": {"name": "Can add Stock record", "content_type": 37, "codename": "add_stockrecord"}}, {"model": "auth.permission", "pk": 147, "fields": {"name": "Can change Stock record", "content_type": 37, "codename": "change_stockrecord"}}, {"model": "auth.permission", "pk": 148, "fields": {"name": "Can delete Stock record", "content_type": 37, "codename": "delete_stockrecord"}}, {"model": "auth.permission", "pk": 149, "fields": {"name": "Can view Stock record", "content_type": 37, "codename": "view_stockrecord"}}, {"model": "auth.permission", "pk": 150, "fields": {"name": "Can add Basket", "content_type": 38, "codename": "add_basket"}}, {"model": "auth.permission", "pk": 151, "fields": {"name": "Can change Basket", "content_type": 38, "codename": "change_basket"}}, {"model": "auth.permission", "pk": 152, "fields": {"name": "Can delete Basket", "content_type": 38, "codename": "delete_basket"}}, {"model": "auth.permission", "pk": 153, "fields": {"name": "Can view Basket", "content_type": 38, "codename": "view_basket"}}, {"model": "auth.permission", "pk": 154, "fields": {"name": "Can add Basket line", "content_type": 39, "codename": "add_line"}}, {"model": "auth.permission", "pk": 155, "fields": {"name": "Can change Basket line", "content_type": 39, "codename": "change_line"}}, {"model": "auth.permission", "pk": 156, "fields": {"name": "Can delete Basket line", "content_type": 39, "codename": "delete_line"}}, {"model": "auth.permission", "pk": 157, "fields": {"name": "Can view Basket line", "content_type": 39, "codename": "view_line"}}, {"model": "auth.permission", "pk": 158, "fields": {"name": "Can add Line attribute", "content_type": 40, "codename": "add_lineattribute"}}, {"model": "auth.permission", "pk": 159, "fields": {"name": "Can change Line attribute", "content_type": 40, "codename": "change_lineattribute"}}, {"model": "auth.permission", "pk": 160, "fields": {"name": "Can delete Line attribute", "content_type": 40, "codename": "delete_lineattribute"}}, {"model": "auth.permission", "pk": 161, "fields": {"name": "Can view Line attribute", "content_type": 40, "codename": "view_lineattribute"}}, {"model": "auth.permission", "pk": 162, "fields": {"name": "Can add Bankcard", "content_type": 41, "codename": "add_bankcard"}}, {"model": "auth.permission", "pk": 163, "fields": {"name": "Can change Bankcard", "content_type": 41, "codename": "change_bankcard"}}, {"model": "auth.permission", "pk": 164, "fields": {"name": "Can delete Bankcard", "content_type": 41, "codename": "delete_bankcard"}}, {"model": "auth.permission", "pk": 165, "fields": {"name": "Can view Bankcard", "content_type": 41, "codename": "view_bankcard"}}, {"model": "auth.permission", "pk": 166, "fields": {"name": "Can add Source", "content_type": 42, "codename": "add_source"}}, {"model": "auth.permission", "pk": 167, "fields": {"name": "Can change Source", "content_type": 42, "codename": "change_source"}}, {"model": "auth.permission", "pk": 168, "fields": {"name": "Can delete Source", "content_type": 42, "codename": "delete_source"}}, {"model": "auth.permission", "pk": 169, "fields": {"name": "Can view Source", "content_type": 42, "codename": "view_source"}}, {"model": "auth.permission", "pk": 170, "fields": {"name": "Can add Source Type", "content_type": 43, "codename": "add_sourcetype"}}, {"model": "auth.permission", "pk": 171, "fields": {"name": "Can change Source Type", "content_type": 43, "codename": "change_sourcetype"}}, {"model": "auth.permission", "pk": 172, "fields": {"name": "Can delete Source Type", "content_type": 43, "codename": "delete_sourcetype"}}, {"model": "auth.permission", "pk": 173, "fields": {"name": "Can view Source Type", "content_type": 43, "codename": "view_sourcetype"}}, {"model": "auth.permission", "pk": 174, "fields": {"name": "Can add Transaction", "content_type": 44, "codename": "add_transaction"}}, {"model": "auth.permission", "pk": 175, "fields": {"name": "Can change Transaction", "content_type": 44, "codename": "change_transaction"}}, {"model": "auth.permission", "pk": 176, "fields": {"name": "Can delete Transaction", "content_type": 44, "codename": "delete_transaction"}}, {"model": "auth.permission", "pk": 177, "fields": {"name": "Can view Transaction", "content_type": 44, "codename": "view_transaction"}}, {"model": "auth.permission", "pk": 178, "fields": {"name": "Can add Benefit", "content_type": 45, "codename": "add_benefit"}}, {"model": "auth.permission", "pk": 179, "fields": {"name": "Can change Benefit", "content_type": 45, "codename": "change_benefit"}}, {"model": "auth.permission", "pk": 180, "fields": {"name": "Can delete Benefit", "content_type": 45, "codename": "delete_benefit"}}, {"model": "auth.permission", "pk": 181, "fields": {"name": "Can view Benefit", "content_type": 45, "codename": "view_benefit"}}, {"model": "auth.permission", "pk": 182, "fields": {"name": "Can add Condition", "content_type": 46, "codename": "add_condition"}}, {"model": "auth.permission", "pk": 183, "fields": {"name": "Can change Condition", "content_type": 46, "codename": "change_condition"}}, {"model": "auth.permission", "pk": 184, "fields": {"name": "Can delete Condition", "content_type": 46, "codename": "delete_condition"}}, {"model": "auth.permission", "pk": 185, "fields": {"name": "Can view Condition", "content_type": 46, "codename": "view_condition"}}, {"model": "auth.permission", "pk": 186, "fields": {"name": "Can add Conditional offer", "content_type": 47, "codename": "add_conditionaloffer"}}, {"model": "auth.permission", "pk": 187, "fields": {"name": "Can change Conditional offer", "content_type": 47, "codename": "change_conditionaloffer"}}, {"model": "auth.permission", "pk": 188, "fields": {"name": "Can delete Conditional offer", "content_type": 47, "codename": "delete_conditionaloffer"}}, {"model": "auth.permission", "pk": 189, "fields": {"name": "Can view Conditional offer", "content_type": 47, "codename": "view_conditionaloffer"}}, {"model": "auth.permission", "pk": 190, "fields": {"name": "Can add Range", "content_type": 48, "codename": "add_range"}}, {"model": "auth.permission", "pk": 191, "fields": {"name": "Can change Range", "content_type": 48, "codename": "change_range"}}, {"model": "auth.permission", "pk": 192, "fields": {"name": "Can delete Range", "content_type": 48, "codename": "delete_range"}}, {"model": "auth.permission", "pk": 193, "fields": {"name": "Can view Range", "content_type": 48, "codename": "view_range"}}, {"model": "auth.permission", "pk": 194, "fields": {"name": "Can add range product", "content_type": 49, "codename": "add_rangeproduct"}}, {"model": "auth.permission", "pk": 195, "fields": {"name": "Can change range product", "content_type": 49, "codename": "change_rangeproduct"}}, {"model": "auth.permission", "pk": 196, "fields": {"name": "Can delete range product", "content_type": 49, "codename": "delete_rangeproduct"}}, {"model": "auth.permission", "pk": 197, "fields": {"name": "Can view range product", "content_type": 49, "codename": "view_rangeproduct"}}, {"model": "auth.permission", "pk": 198, "fields": {"name": "Can add Range Product Uploaded File", "content_type": 50, "codename": "add_rangeproductfileupload"}}, {"model": "auth.permission", "pk": 199, "fields": {"name": "Can change Range Product Uploaded File", "content_type": 50, "codename": "change_rangeproductfileupload"}}, {"model": "auth.permission", "pk": 200, "fields": {"name": "Can delete Range Product Uploaded File", "content_type": 50, "codename": "delete_rangeproductfileupload"}}, {"model": "auth.permission", "pk": 201, "fields": {"name": "Can view Range Product Uploaded File", "content_type": 50, "codename": "view_rangeproductfileupload"}}, {"model": "auth.permission", "pk": 202, "fields": {"name": "Can add Absolute discount benefit", "content_type": 51, "codename": "add_absolutediscountbenefit"}}, {"model": "auth.permission", "pk": 203, "fields": {"name": "Can change Absolute discount benefit", "content_type": 51, "codename": "change_absolutediscountbenefit"}}, {"model": "auth.permission", "pk": 204, "fields": {"name": "Can delete Absolute discount benefit", "content_type": 51, "codename": "delete_absolutediscountbenefit"}}, {"model": "auth.permission", "pk": 205, "fields": {"name": "Can view Absolute discount benefit", "content_type": 51, "codename": "view_absolutediscountbenefit"}}, {"model": "auth.permission", "pk": 206, "fields": {"name": "Can add Count condition", "content_type": 52, "codename": "add_countcondition"}}, {"model": "auth.permission", "pk": 207, "fields": {"name": "Can change Count condition", "content_type": 52, "codename": "change_countcondition"}}, {"model": "auth.permission", "pk": 208, "fields": {"name": "Can delete Count condition", "content_type": 52, "codename": "delete_countcondition"}}, {"model": "auth.permission", "pk": 209, "fields": {"name": "Can view Count condition", "content_type": 52, "codename": "view_countcondition"}}, {"model": "auth.permission", "pk": 210, "fields": {"name": "Can add Coverage Condition", "content_type": 53, "codename": "add_coveragecondition"}}, {"model": "auth.permission", "pk": 211, "fields": {"name": "Can change Coverage Condition", "content_type": 53, "codename": "change_coveragecondition"}}, {"model": "auth.permission", "pk": 212, "fields": {"name": "Can delete Coverage Condition", "content_type": 53, "codename": "delete_coveragecondition"}}, {"model": "auth.permission", "pk": 213, "fields": {"name": "Can view Coverage Condition", "content_type": 53, "codename": "view_coveragecondition"}}, {"model": "auth.permission", "pk": 214, "fields": {"name": "Can add Fixed price benefit", "content_type": 54, "codename": "add_fixedpricebenefit"}}, {"model": "auth.permission", "pk": 215, "fields": {"name": "Can change Fixed price benefit", "content_type": 54, "codename": "change_fixedpricebenefit"}}, {"model": "auth.permission", "pk": 216, "fields": {"name": "Can delete Fixed price benefit", "content_type": 54, "codename": "delete_fixedpricebenefit"}}, {"model": "auth.permission", "pk": 217, "fields": {"name": "Can view Fixed price benefit", "content_type": 54, "codename": "view_fixedpricebenefit"}}, {"model": "auth.permission", "pk": 218, "fields": {"name": "Can add Multibuy discount benefit", "content_type": 55, "codename": "add_multibuydiscountbenefit"}}, {"model": "auth.permission", "pk": 219, "fields": {"name": "Can change Multibuy discount benefit", "content_type": 55, "codename": "change_multibuydiscountbenefit"}}, {"model": "auth.permission", "pk": 220, "fields": {"name": "Can delete Multibuy discount benefit", "content_type": 55, "codename": "delete_multibuydiscountbenefit"}}, {"model": "auth.permission", "pk": 221, "fields": {"name": "Can view Multibuy discount benefit", "content_type": 55, "codename": "view_multibuydiscountbenefit"}}, {"model": "auth.permission", "pk": 222, "fields": {"name": "Can add Percentage discount benefit", "content_type": 56, "codename": "add_percentagediscountbenefit"}}, {"model": "auth.permission", "pk": 223, "fields": {"name": "Can change Percentage discount benefit", "content_type": 56, "codename": "change_percentagediscountbenefit"}}, {"model": "auth.permission", "pk": 224, "fields": {"name": "Can delete Percentage discount benefit", "content_type": 56, "codename": "delete_percentagediscountbenefit"}}, {"model": "auth.permission", "pk": 225, "fields": {"name": "Can view Percentage discount benefit", "content_type": 56, "codename": "view_percentagediscountbenefit"}}, {"model": "auth.permission", "pk": 226, "fields": {"name": "Can add shipping benefit", "content_type": 57, "codename": "add_shippingbenefit"}}, {"model": "auth.permission", "pk": 227, "fields": {"name": "Can change shipping benefit", "content_type": 57, "codename": "change_shippingbenefit"}}, {"model": "auth.permission", "pk": 228, "fields": {"name": "Can delete shipping benefit", "content_type": 57, "codename": "delete_shippingbenefit"}}, {"model": "auth.permission", "pk": 229, "fields": {"name": "Can view shipping benefit", "content_type": 57, "codename": "view_shippingbenefit"}}, {"model": "auth.permission", "pk": 230, "fields": {"name": "Can add Shipping absolute discount benefit", "content_type": 58, "codename": "add_shippingabsolutediscountbenefit"}}, {"model": "auth.permission", "pk": 231, "fields": {"name": "Can change Shipping absolute discount benefit", "content_type": 58, "codename": "change_shippingabsolutediscountbenefit"}}, {"model": "auth.permission", "pk": 232, "fields": {"name": "Can delete Shipping absolute discount benefit", "content_type": 58, "codename": "delete_shippingabsolutediscountbenefit"}}, {"model": "auth.permission", "pk": 233, "fields": {"name": "Can view Shipping absolute discount benefit", "content_type": 58, "codename": "view_shippingabsolutediscountbenefit"}}, {"model": "auth.permission", "pk": 234, "fields": {"name": "Can add Fixed price shipping benefit", "content_type": 59, "codename": "add_shippingfixedpricebenefit"}}, {"model": "auth.permission", "pk": 235, "fields": {"name": "Can change Fixed price shipping benefit", "content_type": 59, "codename": "change_shippingfixedpricebenefit"}}, {"model": "auth.permission", "pk": 236, "fields": {"name": "Can delete Fixed price shipping benefit", "content_type": 59, "codename": "delete_shippingfixedpricebenefit"}}, {"model": "auth.permission", "pk": 237, "fields": {"name": "Can view Fixed price shipping benefit", "content_type": 59, "codename": "view_shippingfixedpricebenefit"}}, {"model": "auth.permission", "pk": 238, "fields": {"name": "Can add Shipping percentage discount benefit", "content_type": 60, "codename": "add_shippingpercentagediscountbenefit"}}, {"model": "auth.permission", "pk": 239, "fields": {"name": "Can change Shipping percentage discount benefit", "content_type": 60, "codename": "change_shippingpercentagediscountbenefit"}}, {"model": "auth.permission", "pk": 240, "fields": {"name": "Can delete Shipping percentage discount benefit", "content_type": 60, "codename": "delete_shippingpercentagediscountbenefit"}}, {"model": "auth.permission", "pk": 241, "fields": {"name": "Can view Shipping percentage discount benefit", "content_type": 60, "codename": "view_shippingpercentagediscountbenefit"}}, {"model": "auth.permission", "pk": 242, "fields": {"name": "Can add Value condition", "content_type": 61, "codename": "add_valuecondition"}}, {"model": "auth.permission", "pk": 243, "fields": {"name": "Can change Value condition", "content_type": 61, "codename": "change_valuecondition"}}, {"model": "auth.permission", "pk": 244, "fields": {"name": "Can delete Value condition", "content_type": 61, "codename": "delete_valuecondition"}}, {"model": "auth.permission", "pk": 245, "fields": {"name": "Can view Value condition", "content_type": 61, "codename": "view_valuecondition"}}, {"model": "auth.permission", "pk": 246, "fields": {"name": "Can add Billing address", "content_type": 62, "codename": "add_billingaddress"}}, {"model": "auth.permission", "pk": 247, "fields": {"name": "Can change Billing address", "content_type": 62, "codename": "change_billingaddress"}}, {"model": "auth.permission", "pk": 248, "fields": {"name": "Can delete Billing address", "content_type": 62, "codename": "delete_billingaddress"}}, {"model": "auth.permission", "pk": 249, "fields": {"name": "Can view Billing address", "content_type": 62, "codename": "view_billingaddress"}}, {"model": "auth.permission", "pk": 250, "fields": {"name": "Can add Communication Event", "content_type": 63, "codename": "add_communicationevent"}}, {"model": "auth.permission", "pk": 251, "fields": {"name": "Can change Communication Event", "content_type": 63, "codename": "change_communicationevent"}}, {"model": "auth.permission", "pk": 252, "fields": {"name": "Can delete Communication Event", "content_type": 63, "codename": "delete_communicationevent"}}, {"model": "auth.permission", "pk": 253, "fields": {"name": "Can view Communication Event", "content_type": 63, "codename": "view_communicationevent"}}, {"model": "auth.permission", "pk": 254, "fields": {"name": "Can add Order Line", "content_type": 64, "codename": "add_line"}}, {"model": "auth.permission", "pk": 255, "fields": {"name": "Can change Order Line", "content_type": 64, "codename": "change_line"}}, {"model": "auth.permission", "pk": 256, "fields": {"name": "Can delete Order Line", "content_type": 64, "codename": "delete_line"}}, {"model": "auth.permission", "pk": 257, "fields": {"name": "Can view Order Line", "content_type": 64, "codename": "view_line"}}, {"model": "auth.permission", "pk": 258, "fields": {"name": "Can add Line Attribute", "content_type": 65, "codename": "add_lineattribute"}}, {"model": "auth.permission", "pk": 259, "fields": {"name": "Can change Line Attribute", "content_type": 65, "codename": "change_lineattribute"}}, {"model": "auth.permission", "pk": 260, "fields": {"name": "Can delete Line Attribute", "content_type": 65, "codename": "delete_lineattribute"}}, {"model": "auth.permission", "pk": 261, "fields": {"name": "Can view Line Attribute", "content_type": 65, "codename": "view_lineattribute"}}, {"model": "auth.permission", "pk": 262, "fields": {"name": "Can add Line Price", "content_type": 66, "codename": "add_lineprice"}}, {"model": "auth.permission", "pk": 263, "fields": {"name": "Can change Line Price", "content_type": 66, "codename": "change_lineprice"}}, {"model": "auth.permission", "pk": 264, "fields": {"name": "Can delete Line Price", "content_type": 66, "codename": "delete_lineprice"}}, {"model": "auth.permission", "pk": 265, "fields": {"name": "Can view Line Price", "content_type": 66, "codename": "view_lineprice"}}, {"model": "auth.permission", "pk": 266, "fields": {"name": "Can add Order", "content_type": 67, "codename": "add_order"}}, {"model": "auth.permission", "pk": 267, "fields": {"name": "Can change Order", "content_type": 67, "codename": "change_order"}}, {"model": "auth.permission", "pk": 268, "fields": {"name": "Can delete Order", "content_type": 67, "codename": "delete_order"}}, {"model": "auth.permission", "pk": 269, "fields": {"name": "Can view Order", "content_type": 67, "codename": "view_order"}}, {"model": "auth.permission", "pk": 270, "fields": {"name": "Can add Order Discount", "content_type": 68, "codename": "add_orderdiscount"}}, {"model": "auth.permission", "pk": 271, "fields": {"name": "Can change Order Discount", "content_type": 68, "codename": "change_orderdiscount"}}, {"model": "auth.permission", "pk": 272, "fields": {"name": "Can delete Order Discount", "content_type": 68, "codename": "delete_orderdiscount"}}, {"model": "auth.permission", "pk": 273, "fields": {"name": "Can view Order Discount", "content_type": 68, "codename": "view_orderdiscount"}}, {"model": "auth.permission", "pk": 274, "fields": {"name": "Can add Order Note", "content_type": 69, "codename": "add_ordernote"}}, {"model": "auth.permission", "pk": 275, "fields": {"name": "Can change Order Note", "content_type": 69, "codename": "change_ordernote"}}, {"model": "auth.permission", "pk": 276, "fields": {"name": "Can delete Order Note", "content_type": 69, "codename": "delete_ordernote"}}, {"model": "auth.permission", "pk": 277, "fields": {"name": "Can view Order Note", "content_type": 69, "codename": "view_ordernote"}}, {"model": "auth.permission", "pk": 278, "fields": {"name": "Can add Payment Event", "content_type": 70, "codename": "add_paymentevent"}}, {"model": "auth.permission", "pk": 279, "fields": {"name": "Can change Payment Event", "content_type": 70, "codename": "change_paymentevent"}}, {"model": "auth.permission", "pk": 280, "fields": {"name": "Can delete Payment Event", "content_type": 70, "codename": "delete_paymentevent"}}, {"model": "auth.permission", "pk": 281, "fields": {"name": "Can view Payment Event", "content_type": 70, "codename": "view_paymentevent"}}, {"model": "auth.permission", "pk": 282, "fields": {"name": "Can add Payment Event Quantity", "content_type": 71, "codename": "add_paymenteventquantity"}}, {"model": "auth.permission", "pk": 283, "fields": {"name": "Can change Payment Event Quantity", "content_type": 71, "codename": "change_paymenteventquantity"}}, {"model": "auth.permission", "pk": 284, "fields": {"name": "Can delete Payment Event Quantity", "content_type": 71, "codename": "delete_paymenteventquantity"}}, {"model": "auth.permission", "pk": 285, "fields": {"name": "Can view Payment Event Quantity", "content_type": 71, "codename": "view_paymenteventquantity"}}, {"model": "auth.permission", "pk": 286, "fields": {"name": "Can add Payment Event Type", "content_type": 72, "codename": "add_paymenteventtype"}}, {"model": "auth.permission", "pk": 287, "fields": {"name": "Can change Payment Event Type", "content_type": 72, "codename": "change_paymenteventtype"}}, {"model": "auth.permission", "pk": 288, "fields": {"name": "Can delete Payment Event Type", "content_type": 72, "codename": "delete_paymenteventtype"}}, {"model": "auth.permission", "pk": 289, "fields": {"name": "Can view Payment Event Type", "content_type": 72, "codename": "view_paymenteventtype"}}, {"model": "auth.permission", "pk": 290, "fields": {"name": "Can add Shipping address", "content_type": 73, "codename": "add_shippingaddress"}}, {"model": "auth.permission", "pk": 291, "fields": {"name": "Can change Shipping address", "content_type": 73, "codename": "change_shippingaddress"}}, {"model": "auth.permission", "pk": 292, "fields": {"name": "Can delete Shipping address", "content_type": 73, "codename": "delete_shippingaddress"}}, {"model": "auth.permission", "pk": 293, "fields": {"name": "Can view Shipping address", "content_type": 73, "codename": "view_shippingaddress"}}, {"model": "auth.permission", "pk": 294, "fields": {"name": "Can add Shipping Event", "content_type": 74, "codename": "add_shippingevent"}}, {"model": "auth.permission", "pk": 295, "fields": {"name": "Can change Shipping Event", "content_type": 74, "codename": "change_shippingevent"}}, {"model": "auth.permission", "pk": 296, "fields": {"name": "Can delete Shipping Event", "content_type": 74, "codename": "delete_shippingevent"}}, {"model": "auth.permission", "pk": 297, "fields": {"name": "Can view Shipping Event", "content_type": 74, "codename": "view_shippingevent"}}, {"model": "auth.permission", "pk": 298, "fields": {"name": "Can add Shipping Event Quantity", "content_type": 75, "codename": "add_shippingeventquantity"}}, {"model": "auth.permission", "pk": 299, "fields": {"name": "Can change Shipping Event Quantity", "content_type": 75, "codename": "change_shippingeventquantity"}}, {"model": "auth.permission", "pk": 300, "fields": {"name": "Can delete Shipping Event Quantity", "content_type": 75, "codename": "delete_shippingeventquantity"}}, {"model": "auth.permission", "pk": 301, "fields": {"name": "Can view Shipping Event Quantity", "content_type": 75, "codename": "view_shippingeventquantity"}}, {"model": "auth.permission", "pk": 302, "fields": {"name": "Can add Shipping Event Type", "content_type": 76, "codename": "add_shippingeventtype"}}, {"model": "auth.permission", "pk": 303, "fields": {"name": "Can change Shipping Event Type", "content_type": 76, "codename": "change_shippingeventtype"}}, {"model": "auth.permission", "pk": 304, "fields": {"name": "Can delete Shipping Event Type", "content_type": 76, "codename": "delete_shippingeventtype"}}, {"model": "auth.permission", "pk": 305, "fields": {"name": "Can view Shipping Event Type", "content_type": 76, "codename": "view_shippingeventtype"}}, {"model": "auth.permission", "pk": 306, "fields": {"name": "Can add Order Status Change", "content_type": 77, "codename": "add_orderstatuschange"}}, {"model": "auth.permission", "pk": 307, "fields": {"name": "Can change Order Status Change", "content_type": 77, "codename": "change_orderstatuschange"}}, {"model": "auth.permission", "pk": 308, "fields": {"name": "Can delete Order Status Change", "content_type": 77, "codename": "delete_orderstatuschange"}}, {"model": "auth.permission", "pk": 309, "fields": {"name": "Can view Order Status Change", "content_type": 77, "codename": "view_orderstatuschange"}}, {"model": "auth.permission", "pk": 310, "fields": {"name": "Can add surcharge", "content_type": 78, "codename": "add_surcharge"}}, {"model": "auth.permission", "pk": 311, "fields": {"name": "Can change surcharge", "content_type": 78, "codename": "change_surcharge"}}, {"model": "auth.permission", "pk": 312, "fields": {"name": "Can delete surcharge", "content_type": 78, "codename": "delete_surcharge"}}, {"model": "auth.permission", "pk": 313, "fields": {"name": "Can view surcharge", "content_type": 78, "codename": "view_surcharge"}}, {"model": "auth.permission", "pk": 314, "fields": {"name": "Can add Product alert", "content_type": 79, "codename": "add_productalert"}}, {"model": "auth.permission", "pk": 315, "fields": {"name": "Can change Product alert", "content_type": 79, "codename": "change_productalert"}}, {"model": "auth.permission", "pk": 316, "fields": {"name": "Can delete Product alert", "content_type": 79, "codename": "delete_productalert"}}, {"model": "auth.permission", "pk": 317, "fields": {"name": "Can view Product alert", "content_type": 79, "codename": "view_productalert"}}, {"model": "auth.permission", "pk": 318, "fields": {"name": "Can add Voucher", "content_type": 80, "codename": "add_voucher"}}, {"model": "auth.permission", "pk": 319, "fields": {"name": "Can change Voucher", "content_type": 80, "codename": "change_voucher"}}, {"model": "auth.permission", "pk": 320, "fields": {"name": "Can delete Voucher", "content_type": 80, "codename": "delete_voucher"}}, {"model": "auth.permission", "pk": 321, "fields": {"name": "Can view Voucher", "content_type": 80, "codename": "view_voucher"}}, {"model": "auth.permission", "pk": 322, "fields": {"name": "Can add Voucher Application", "content_type": 81, "codename": "add_voucherapplication"}}, {"model": "auth.permission", "pk": 323, "fields": {"name": "Can change Voucher Application", "content_type": 81, "codename": "change_voucherapplication"}}, {"model": "auth.permission", "pk": 324, "fields": {"name": "Can delete Voucher Application", "content_type": 81, "codename": "delete_voucherapplication"}}, {"model": "auth.permission", "pk": 325, "fields": {"name": "Can view Voucher Application", "content_type": 81, "codename": "view_voucherapplication"}}, {"model": "auth.permission", "pk": 326, "fields": {"name": "Can add VoucherSet", "content_type": 82, "codename": "add_voucherset"}}, {"model": "auth.permission", "pk": 327, "fields": {"name": "Can change VoucherSet", "content_type": 82, "codename": "change_voucherset"}}, {"model": "auth.permission", "pk": 328, "fields": {"name": "Can delete VoucherSet", "content_type": 82, "codename": "delete_voucherset"}}, {"model": "auth.permission", "pk": 329, "fields": {"name": "Can view VoucherSet", "content_type": 82, "codename": "view_voucherset"}}, {"model": "auth.permission", "pk": 330, "fields": {"name": "Can add Wish list line", "content_type": 83, "codename": "add_line"}}, {"model": "auth.permission", "pk": 331, "fields": {"name": "Can change Wish list line", "content_type": 83, "codename": "change_line"}}, {"model": "auth.permission", "pk": 332, "fields": {"name": "Can delete Wish list line", "content_type": 83, "codename": "delete_line"}}, {"model": "auth.permission", "pk": 333, "fields": {"name": "Can view Wish list line", "content_type": 83, "codename": "view_line"}}, {"model": "auth.permission", "pk": 334, "fields": {"name": "Can add Wish List", "content_type": 84, "codename": "add_wishlist"}}, {"model": "auth.permission", "pk": 335, "fields": {"name": "Can change Wish List", "content_type": 84, "codename": "change_wishlist"}}, {"model": "auth.permission", "pk": 336, "fields": {"name": "Can delete Wish List", "content_type": 84, "codename": "delete_wishlist"}}, {"model": "auth.permission", "pk": 337, "fields": {"name": "Can view Wish List", "content_type": 84, "codename": "view_wishlist"}}, {"model": "auth.permission", "pk": 338, "fields": {"name": "Can add kv store", "content_type": 85, "codename": "add_kvstore"}}, {"model": "auth.permission", "pk": 339, "fields": {"name": "Can change kv store", "content_type": 85, "codename": "change_kvstore"}}, {"model": "auth.permission", "pk": 340, "fields": {"name": "Can delete kv store", "content_type": 85, "codename": "delete_kvstore"}}, {"model": "auth.permission", "pk": 341, "fields": {"name": "Can view kv store", "content_type": 85, "codename": "view_kvstore"}}, {"model": "contenttypes.contenttype", "pk": 1, "fields": {"app_label": "userapi", "model": "user"}}, {"model": "contenttypes.contenttype", "pk": 2, "fields": {"app_label": "admin", "model": "logentry"}}, {"model": "contenttypes.contenttype", "pk": 3, "fields": {"app_label": "auth", "model": "permission"}}, {"model": "contenttypes.contenttype", "pk": 4, "fields": {"app_label": "auth", "model": "group"}}, {"model": "contenttypes.contenttype", "pk": 5, "fields": {"app_label": "contenttypes", "model": "contenttype"}}, {"model": "contenttypes.contenttype", "pk": 6, "fields": {"app_label": "sessions", "model": "session"}}, {"model": "contenttypes.contenttype", "pk": 7, "fields": {"app_label": "sites", "model": "site"}}, {"model": "contenttypes.contenttype", "pk": 8, "fields": {"app_label": "flatpages", "model": "flatpage"}}, {"model": "contenttypes.contenttype", "pk": 9, "fields": {"app_label": "analytics", "model": "productrecord"}}, {"model": "contenttypes.contenttype", "pk": 10, "fields": {"app_label": "analytics", "model": "userproductview"}}, {"model": "contenttypes.contenttype", "pk": 11, "fields": {"app_label": "analytics", "model": "userrecord"}}, {"model": "contenttypes.contenttype", "pk": 12, "fields": {"app_label": "analytics", "model": "usersearch"}}, {"model": "contenttypes.contenttype", "pk": 13, "fields": {"app_label": "address", "model": "country"}}, {"model": "contenttypes.contenttype", "pk": 14, "fields": {"app_label": "address", "model": "useraddress"}}, {"model": "contenttypes.contenttype", "pk": 15, "fields": {"app_label": "shipping", "model": "orderanditemcharges"}}, {"model": "contenttypes.contenttype", "pk": 16, "fields": {"app_label": "shipping", "model": "weightband"}}, {"model": "contenttypes.contenttype", "pk": 17, "fields": {"app_label": "shipping", "model": "weightbased"}}, {"model": "contenttypes.contenttype", "pk": 18, "fields": {"app_label": "catalogue", "model": "attributeoption"}}, {"model": "contenttypes.contenttype", "pk": 19, "fields": {"app_label": "catalogue", "model": "attributeoptiongroup"}}, {"model": "contenttypes.contenttype", "pk": 20, "fields": {"app_label": "catalogue", "model": "category"}}, {"model": "contenttypes.contenttype", "pk": 21, "fields": {"app_label": "catalogue", "model": "option"}}, {"model": "contenttypes.contenttype", "pk": 22, "fields": {"app_label": "catalogue", "model": "product"}}, {"model": "contenttypes.contenttype", "pk": 23, "fields": {"app_label": "catalogue", "model": "productattribute"}}, {"model": "contenttypes.contenttype", "pk": 24, "fields": {"app_label": "catalogue", "model": "productattributevalue"}}, {"model": "contenttypes.contenttype", "pk": 25, "fields": {"app_label": "catalogue", "model": "productcategory"}}, {"model": "contenttypes.contenttype", "pk": 26, "fields": {"app_label": "catalogue", "model": "productclass"}}, {"model": "contenttypes.contenttype", "pk": 27, "fields": {"app_label": "catalogue", "model": "productimage"}}, {"model": "contenttypes.contenttype", "pk": 28, "fields": {"app_label": "catalogue", "model": "productrecommendation"}}, {"model": "contenttypes.contenttype", "pk": 29, "fields": {"app_label": "reviews", "model": "productreview"}}, {"model": "contenttypes.contenttype", "pk": 30, "fields": {"app_label": "reviews", "model": "vote"}}, {"model": "contenttypes.contenttype", "pk": 31, "fields": {"app_label": "communication", "model": "communicationeventtype"}}, {"model": "contenttypes.contenttype", "pk": 32, "fields": {"app_label": "communication", "model": "email"}}, {"model": "contenttypes.contenttype", "pk": 33, "fields": {"app_label": "communication", "model": "notification"}}, {"model": "contenttypes.contenttype", "pk": 34, "fields": {"app_label": "partner", "model": "partner"}}, {"model": "contenttypes.contenttype", "pk": 35, "fields": {"app_label": "partner", "model": "partneraddress"}}, {"model": "contenttypes.contenttype", "pk": 36, "fields": {"app_label": "partner", "model": "stockalert"}}, {"model": "contenttypes.contenttype", "pk": 37, "fields": {"app_label": "partner", "model": "stockrecord"}}, {"model": "contenttypes.contenttype", "pk": 38, "fields": {"app_label": "basket", "model": "basket"}}, {"model": "contenttypes.contenttype", "pk": 39, "fields": {"app_label": "basket", "model": "line"}}, {"model": "contenttypes.contenttype", "pk": 40, "fields": {"app_label": "basket", "model": "lineattribute"}}, {"model": "contenttypes.contenttype", "pk": 41, "fields": {"app_label": "payment", "model": "bankcard"}}, {"model": "contenttypes.contenttype", "pk": 42, "fields": {"app_label": "payment", "model": "source"}}, {"model": "contenttypes.contenttype", "pk": 43, "fields": {"app_label": "payment", "model": "sourcetype"}}, {"model": "contenttypes.contenttype", "pk": 44, "fields": {"app_label": "payment", "model": "transaction"}}, {"model": "contenttypes.contenttype", "pk": 45, "fields": {"app_label": "offer", "model": "benefit"}}, {"model": "contenttypes.contenttype", "pk": 46, "fields": {"app_label": "offer", "model": "condition"}}, {"model": "contenttypes.contenttype", "pk": 47, "fields": {"app_label": "offer", "model": "conditionaloffer"}}, {"model": "contenttypes.contenttype", "pk": 48, "fields": {"app_label": "offer", "model": "range"}}, {"model": "contenttypes.contenttype", "pk": 49, "fields": {"app_label": "offer", "model": "rangeproduct"}}, {"model": "contenttypes.contenttype", "pk": 50, "fields": {"app_label": "offer", "model": "rangeproductfileupload"}}, {"model": "contenttypes.contenttype", "pk": 51, "fields": {"app_label": "offer", "model": "absolutediscountbenefit"}}, {"model": "contenttypes.contenttype", "pk": 52, "fields": {"app_label": "offer", "model": "countcondition"}}, {"model": "contenttypes.contenttype", "pk": 53, "fields": {"app_label": "offer", "model": "coveragecondition"}}, {"model": "contenttypes.contenttype", "pk": 54, "fields": {"app_label": "offer", "model": "fixedpricebenefit"}}, {"model": "contenttypes.contenttype", "pk": 55, "fields": {"app_label": "offer", "model": "multibuydiscountbenefit"}}, {"model": "contenttypes.contenttype", "pk": 56, "fields": {"app_label": "offer", "model": "percentagediscountbenefit"}}, {"model": "contenttypes.contenttype", "pk": 57, "fields": {"app_label": "offer", "model": "shippingbenefit"}}, {"model": "contenttypes.contenttype", "pk": 58, "fields": {"app_label": "offer", "model": "shippingabsolutediscountbenefit"}}, {"model": "contenttypes.contenttype", "pk": 59, "fields": {"app_label": "offer", "model": "shippingfixedpricebenefit"}}, {"model": "contenttypes.contenttype", "pk": 60, "fields": {"app_label": "offer", "model": "shippingpercentagediscountbenefit"}}, {"model": "contenttypes.contenttype", "pk": 61, "fields": {"app_label": "offer", "model": "valuecondition"}}, {"model": "contenttypes.contenttype", "pk": 62, "fields": {"app_label": "order", "model": "billingaddress"}}, {"model": "contenttypes.contenttype", "pk": 63, "fields": {"app_label": "order", "model": "communicationevent"}}, {"model": "contenttypes.contenttype", "pk": 64, "fields": {"app_label": "order", "model": "line"}}, {"model": "contenttypes.contenttype", "pk": 65, "fields": {"app_label": "order", "model": "lineattribute"}}, {"model": "contenttypes.contenttype", "pk": 66, "fields": {"app_label": "order", "model": "lineprice"}}, {"model": "contenttypes.contenttype", "pk": 67, "fields": {"app_label": "order", "model": "order"}}, {"model": "contenttypes.contenttype", "pk": 68, "fields": {"app_label": "order", "model": "orderdiscount"}}, {"model": "contenttypes.contenttype", "pk": 69, "fields": {"app_label": "order", "model": "ordernote"}}, {"model": "contenttypes.contenttype", "pk": 70, "fields": {"app_label": "order", "model": "paymentevent"}}, {"model": "contenttypes.contenttype", "pk": 71, "fields": {"app_label": "order", "model": "paymenteventquantity"}}, {"model": "contenttypes.contenttype", "pk": 72, "fields": {"app_label": "order", "model": "paymenteventtype"}}, {"model": "contenttypes.contenttype", "pk": 73, "fields": {"app_label": "order", "model": "shippingaddress"}}, {"model": "contenttypes.contenttype", "pk": 74, "fields": {"app_label": "order", "model": "shippingevent"}}, {"model": "contenttypes.contenttype", "pk": 75, "fields": {"app_label": "order", "model": "shippingeventquantity"}}, {"model": "contenttypes.contenttype", "pk": 76, "fields": {"app_label": "order", "model": "shippingeventtype"}}, {"model": "contenttypes.contenttype", "pk": 77, "fields": {"app_label": "order", "model": "orderstatuschange"}}, {"model": "contenttypes.contenttype", "pk": 78, "fields": {"app_label": "order", "model": "surcharge"}}, {"model": "contenttypes.contenttype", "pk": 79, "fields": {"app_label": "customer", "model": "productalert"}}, {"model": "contenttypes.contenttype", "pk": 80, "fields": {"app_label": "voucher", "model": "voucher"}}, {"model": "contenttypes.contenttype", "pk": 81, "fields": {"app_label": "voucher", "model": "voucherapplication"}}, {"model": "contenttypes.contenttype", "pk": 82, "fields": {"app_label": "voucher", "model": "voucherset"}}, {"model": "contenttypes.contenttype", "pk": 83, "fields": {"app_label": "wishlists", "model": "line"}}, {"model": "contenttypes.contenttype", "pk": 84, "fields": {"app_label": "wishlists", "model": "wishlist"}}, {"model": "contenttypes.contenttype", "pk": 85, "fields": {"app_label": "thumbnail", "model": "kvstore"}}, {"model": "sessions.session", "pk": "k989j29ieqxlbzqm0x3yx8ms4sl33dpd", "fields": {"session_data": ".eJxVjM0KwyAQhN_Fcwnqump7LOQ5ZP3D0KYJMZ5K370GcmhPw8x8M2_mqO3FtZo2N0V2Y4JdfjNP4ZFeR7HUQNtA61qH0Oq-zKm7gzuROowzTc_7Ofh7KVRLv0giSEBugCffVQXQ5JXmhBYhR361RmCyHAOAsSiNziRFlmQV-sgz-3wBG8A5Ag:1nnN8Y:vJ-QhW18VcZdPVJwD-YKH4A-m1LqkUKixo1LfB4qdHk", "expire_date": "2022-05-21T16:18:30.074Z"}}, {"model": "sites.site", "pk": 1, "fields": {"domain": "example.com", "name": "example.com"}}, {"model": "catalogue.productclass", "pk": 1, "fields": {"name": "Bag", "slug": "bag", "requires_shipping": true, "track_stock": true, "options": []}}, {"model": "catalogue.productclass", "pk": 2, "fields": {"name": "Suite", "slug": "suite", "requires_shipping": true, "track_stock": true, "options": []}}, {"model": "catalogue.productclass", "pk": 3, "fields": {"name": "Shoes", "slug": "shoes", "requires_shipping": true, "track_stock": true, "options": []}}, {"model": "catalogue.productclass", "pk": 4, "fields": {"name": "Dress", "slug": "dress", "requires_shipping": true, "track_stock": true, "options": []}}, {"model": "catalogue.category", "pk": 1, "fields": {"path": "0001", "depth": 1, "numchild": 0, "name": "Ladies", "description": "", "meta_title": null, "meta_description": "", "image": "", "slug": "ladies", "is_public": true, "ancestors_are_public": true}}, {"model": "catalogue.category", "pk": 2, "fields": {"path": "0002", "depth": 1, "numchild": 0, "name": "Men", "description": "", "meta_title": null, "meta_description": "", "image": "", "slug": "men", "is_public": true, "ancestors_are_public": true}}, {"model": "catalogue.category", "pk": 3, "fields": {"path": "0003", "depth": 1, "numchild": 0, "name": "Kids", "description": "", "meta_title": null, "meta_description": "", "image": "", "slug": "kids", "is_public": true, "ancestors_are_public": true}}, {"model": "catalogue.category", "pk": 4, "fields": {"path": "0004", "depth": 1, "numchild": 0, "name": "Official", "description": "", "meta_title": null, "meta_description": "", "image": "", "slug": "official", "is_public": true, "ancestors_are_public": true}}, {"model": "catalogue.category", "pk": 5, "fields": {"path": "0005", "depth": 1, "numchild": 0, "name": "Casual", "description": "", "meta_title": null, "meta_description": "", "image": "", "slug": "casual", "is_public": true, "ancestors_are_public": true}}, {"model": "catalogue.productcategory", "pk": 1, "fields": {"product": 1, "category": 1}}, {"model": "catalogue.productcategory", "pk": 2, "fields": {"product": 3, "category": 2}}, {"model": "catalogue.productcategory", "pk": 3, "fields": {"product": 4, "category": 2}}, {"model": "catalogue.productcategory", "pk": 4, "fields": {"product": 5, "category": 1}}, {"model": "catalogue.product", "pk": 1, "fields": {"structure": "standalone", "is_public": true, "upc": "", "parent": null, "title": "Pink Cute Handbag", "slug": "pink-cute-handbag", "description": "", "meta_title": null, "meta_description": "", "product_class": 1, "rating": null, "date_created": "2022-05-07T16:28:16.302Z", "date_updated": "2022-05-07T16:28:16.302Z", "is_discountable": true, "product_options": []}}, {"model": "catalogue.product", "pk": 3, "fields": {"structure": "standalone", "is_public": true, "upc": "", "parent": null, "title": "Office Slim Fit Suite", "slug": "office-slim-fit-suite", "description": "", "meta_title": null, "meta_description": "", "product_class": 4, "rating": null, "date_created": "2022-05-07T16:29:56.553Z", "date_updated": "2022-05-07T16:29:56.553Z", "is_discountable": true, "product_options": []}}, {"model": "catalogue.product", "pk": 4, "fields": {"structure": "standalone", "is_public": true, "upc": "", "parent": null, "title": "V-Neck Fashion Suite", "slug": "v-neck-fashion-suite", "description": "", "meta_title": null, "meta_description": "", "product_class": 2, "rating": null, "date_created": "2022-05-07T16:31:18.931Z", "date_updated": "2022-05-07T16:31:18.931Z", "is_discountable": true, "product_options": []}}, {"model": "catalogue.product", "pk": 5, "fields": {"structure": "standalone", "is_public": true, "upc": "", "parent": null, "title": "Ghanaian made flower dress", "slug": "ghanaian-made-flower-dress", "description": "", "meta_title": null, "meta_description": "", "product_class": 4, "rating": null, "date_created": "2022-05-07T16:33:06.425Z", "date_updated": "2022-05-07T16:33:06.425Z", "is_discountable": true, "product_options": []}}, {"model": "catalogue.option", "pk": 1, "fields": {"name": "Size", "code": "size", "type": "integer", "required": false}}, {"model": "catalogue.option", "pk": 2, "fields": {"name": "Color", "code": "color", "type": "text", "required": false}}, {"model": "catalogue.productimage", "pk": 1, "fields": {"product": 1, "original": "images/products/2022/05/IMG_1170.PNG", "caption": "", "display_order": 0, "date_created": "2022-05-07T16:28:16.517Z"}}, {"model": "catalogue.productimage", "pk": 2, "fields": {"product": 3, "original": "images/products/2022/05/IMG_1145.PNG", "caption": "", "display_order": 0, "date_created": "2022-05-07T16:29:56.572Z"}}, {"model": "catalogue.productimage", "pk": 3, "fields": {"product": 4, "original": "images/products/2022/05/IMG_1148.PNG", "caption": "", "display_order": 0, "date_created": "2022-05-07T16:31:18.949Z"}}, {"model": "catalogue.productimage", "pk": 4, "fields": {"product": 5, "original": "images/products/2022/05/IMG_1173.PNG", "caption": "", "display_order": 0, "date_created": "2022-05-07T16:33:06.444Z"}}, {"model": "partner.partner", "pk": 1, "fields": {"code": "michael-mensah", "name": "Michael Mensah", "users": []}}, {"model": "partner.stockrecord", "pk": 1, "fields": {"product": 1, "partner": 1, "partner_sku": "1223434", "price_currency": "GH", "price": "45.00", "num_in_stock": 20, "num_allocated": null, "low_stock_threshold": 2, "date_created": "2022-05-07T16:28:16.520Z", "date_updated": "2022-05-07T16:28:16.521Z"}}, {"model": "partner.stockrecord", "pk": 2, "fields": {"product": 3, "partner": 1, "partner_sku": "2899344", "price_currency": "GH", "price": "300.00", "num_in_stock": 23, "num_allocated": null, "low_stock_threshold": 3, "date_created": "2022-05-07T16:29:56.573Z", "date_updated": "2022-05-07T16:29:56.573Z"}}, {"model": "partner.stockrecord", "pk": 3, "fields": {"product": 4, "partner": 1, "partner_sku": "3343334", "price_currency": "GH", "price": "350.00", "num_in_stock": 3, "num_allocated": null, "low_stock_threshold": 1, "date_created": "2022-05-07T16:31:18.950Z", "date_updated": "2022-05-07T16:31:18.950Z"}}, {"model": "partner.stockrecord", "pk": 4, "fields": {"product": 5, "partner": 1, "partner_sku": "8990033", "price_currency": "GH", "price": "65.00", "num_in_stock": 83, "num_allocated": null, "low_stock_threshold": 2, "date_created": "2022-05-07T16:33:06.445Z", "date_updated": "2022-05-07T16:33:06.445Z"}}, {"model": "basket.basket", "pk": 1, "fields": {"owner": 1, "status": "Open", "date_created": "2022-05-07T16:33:18.963Z", "date_merged": null, "date_submitted": null, "vouchers": []}}, {"model": "thumbnail.kvstore", "pk": "sorl-thumbnail||image||37d157b4965c9f88223cf433e1398244", "fields": {"value": "{\"name\": \"images/products/2022/05/IMG_1148.PNG\", \"storage\": \"django.core.files.storage.FileSystemStorage\", \"size\": [1207, 1207]}"}}, {"model": "thumbnail.kvstore", "pk": "sorl-thumbnail||image||4438bf6733f885923ade902c42db72bc", "fields": {"value": "{\"name\": \"cache/97/54/9754acfcd177da14e8a2cbb176ba0df7.jpg\", \"storage\": \"django.core.files.storage.FileSystemStorage\", \"size\": [155, 155]}"}}, {"model": "thumbnail.kvstore", "pk": "sorl-thumbnail||image||48adfea8ac65b7bba02db19304aef306", "fields": {"value": "{\"name\": \"images/products/2022/05/IMG_1173.PNG\", \"storage\": \"django.core.files.storage.FileSystemStorage\", \"size\": [1121, 1121]}"}}, {"model": "thumbnail.kvstore", "pk": "sorl-thumbnail||image||4947019e984fd6fa260d34cfe8c06bc5", "fields": {"value": "{\"name\": \"cache/7b/94/7b94c30ca49be03e7e81bce7aa77bac6.jpg\", \"storage\": \"django.core.files.storage.FileSystemStorage\", \"size\": [70, 70]}"}}, {"model": "thumbnail.kvstore", "pk": "sorl-thumbnail||image||6e644fa76b1f85b95655b6964c4e03d4", "fields": {"value": "{\"name\": \"cache/4f/60/4f608834aa44915b6b80a66418c9ea99.jpg\", \"storage\": \"django.core.files.storage.FileSystemStorage\", \"size\": [70, 70]}"}}, {"model": "thumbnail.kvstore", "pk": "sorl-thumbnail||image||6eb01646a0e5cade419392941968867a", "fields": {"value": "{\"name\": \"cache/54/a8/54a8307746df1043c1caeed323e91845.jpg\", \"storage\": \"django.core.files.storage.FileSystemStorage\", \"size\": [155, 155]}"}}, {"model": "thumbnail.kvstore", "pk": "sorl-thumbnail||image||729861debe4be6e9401dc88e984eed0b", "fields": {"value": "{\"name\": \"cache/c1/76/c1765a93e58e0e83b8e270263278839a.jpg\", \"storage\": \"django.core.files.storage.FileSystemStorage\", \"size\": [70, 70]}"}}, {"model": "thumbnail.kvstore", "pk": "sorl-thumbnail||image||9c81e64d816f16d67ee18d0406dccd36", "fields": {"value": "{\"name\": \"images/products/2022/05/IMG_1170.PNG\", \"storage\": \"django.core.files.storage.FileSystemStorage\", \"size\": [887, 887]}"}}, {"model": "thumbnail.kvstore", "pk": "sorl-thumbnail||image||c1ac76b791cca85fefe5b890fd7f1184", "fields": {"value": "{\"name\": \"cache/ff/06/ff062df45ee7b6a1bf41fd3e0e31ab77.jpg\", \"storage\": \"django.core.files.storage.FileSystemStorage\", \"size\": [155, 155]}"}}, {"model": "thumbnail.kvstore", "pk": "sorl-thumbnail||image||fb6292e2fbacdbebd88ebac184e3330c", "fields": {"value": "{\"name\": \"images/products/2022/05/IMG_1145.PNG\", \"storage\": \"django.core.files.storage.FileSystemStorage\", \"size\": [1242, 1242]}"}}, {"model": "thumbnail.kvstore", "pk": "sorl-thumbnail||image||fe8de9a3e26e06ea4d292f38a4a9e0b4", "fields": {"value": "{\"name\": \"cache/1c/f1/1cf1a71be1d2f5bc4da4752f4f131e5a.jpg\", \"storage\": \"django.core.files.storage.FileSystemStorage\", \"size\": [70, 70]}"}}, {"model": "thumbnail.kvstore", "pk": "sorl-thumbnail||image||fee57ec142f8716520d59127bac44128", "fields": {"value": "{\"name\": \"cache/03/75/037553c75208f6d3776315913a3bdad3.jpg\", \"storage\": \"django.core.files.storage.FileSystemStorage\", \"size\": [155, 155]}"}}, {"model": "thumbnail.kvstore", "pk": "sorl-thumbnail||thumbnails||37d157b4965c9f88223cf433e1398244", "fields": {"value": "[\"fee57ec142f8716520d59127bac44128\", \"4947019e984fd6fa260d34cfe8c06bc5\"]"}}, {"model": "thumbnail.kvstore", "pk": "sorl-thumbnail||thumbnails||48adfea8ac65b7bba02db19304aef306", "fields": {"value": "[\"6eb01646a0e5cade419392941968867a\", \"729861debe4be6e9401dc88e984eed0b\"]"}}, {"model": "thumbnail.kvstore", "pk": "sorl-thumbnail||thumbnails||9c81e64d816f16d67ee18d0406dccd36", "fields": {"value": "[\"c1ac76b791cca85fefe5b890fd7f1184\", \"6e644fa76b1f85b95655b6964c4e03d4\"]"}}, {"model": "thumbnail.kvstore", "pk": "sorl-thumbnail||thumbnails||fb6292e2fbacdbebd88ebac184e3330c", "fields": {"value": "[\"4438bf6733f885923ade902c42db72bc\", \"fe8de9a3e26e06ea4d292f38a4a9e0b4\"]"}}]